{
  "id": "d5ec30d2-e31e-4e70-a97c-2160a14d3385",
  "name": "etnic",
  "auto": true,
  "contexts": [],
  "templates": [
    "* @ethnic:ethnic *"
  ],
  "responses": [
    {
      "resetContexts": false,
      "action": "filter.ethnic",
      "affectedContexts": [],
      "parameters": [
        {
          "required": false,
          "dataType": "@ethnic",
          "name": "ethnic",
          "value": "$ethnic",
          "defaultValue": ""
        }
      ],
      "speech": "No need for this."
    }
  ],
  "state": "LEARNED",
  "priority": 500000,
  "cortanaCommand": {
    "navigateOrService": "NAVIGATE",
    "target": ""
  },
  "assistantCommand": {
    "urlCommand": "",
    "doCommand": ""
  }
}