{
  "id": "2f056931-4aa9-4398-92d3-fadc1e6d6d7d",
  "name": "foul",
  "auto": true,
  "contexts": [],
  "templates": [
    "* @foul:foul *"
  ],
  "responses": [
    {
      "resetContexts": false,
      "action": "filter.foul",
      "affectedContexts": [],
      "parameters": [
        {
          "required": false,
          "dataType": "@foul",
          "name": "foul",
          "value": "$foul",
          "defaultValue": ""
        }
      ],
      "speech": "Hey! Easy there!"
    }
  ],
  "state": "LOADED",
  "priority": 500000,
  "cortanaCommand": {
    "navigateOrService": "NAVIGATE",
    "target": ""
  },
  "assistantCommand": {
    "urlCommand": "",
    "doCommand": ""
  }
}