{
  "id": "38273f76-eca8-4546-877f-8d020260d99e",
  "name": "genitals",
  "auto": true,
  "contexts": [],
  "templates": [
    "* @genitals:genitals *"
  ],
  "responses": [
    {
      "resetContexts": false,
      "action": "filter.genitals",
      "affectedContexts": [],
      "parameters": [
        {
          "required": false,
          "dataType": "@genitals",
          "name": "genitals",
          "value": "$genitals",
          "defaultValue": ""
        }
      ],
      "speech": "That was absolutely unnecessary."
    }
  ],
  "state": "LOADED",
  "priority": 500000,
  "cortanaCommand": {
    "navigateOrService": "NAVIGATE",
    "target": ""
  },
  "assistantCommand": {
    "urlCommand": "",
    "doCommand": ""
  }
}