{
  "id": "202463cc-b8ab-4716-ac45-3c692b7c0e54",
  "name": "homosexual",
  "auto": true,
  "contexts": [],
  "templates": [
    "* @homosexual:homosexual *"
  ],
  "responses": [
    {
      "resetContexts": false,
      "action": "filter.homosexual",
      "affectedContexts": [],
      "parameters": [
        {
          "required": false,
          "dataType": "@homosexual",
          "name": "homosexual",
          "value": "$homosexual",
          "defaultValue": ""
        }
      ],
      "speech": "So inappropriate!"
    }
  ],
  "state": "LOADED",
  "priority": 500000,
  "cortanaCommand": {
    "navigateOrService": "NAVIGATE",
    "target": ""
  },
  "assistantCommand": {
    "urlCommand": "",
    "doCommand": ""
  }
}