{
  "id": "7b2296f7-50e4-4060-858b-48e3509ee774",
  "name": "offense",
  "auto": true,
  "contexts": [],
  "templates": [
    "* @offense:offense *"
  ],
  "responses": [
    {
      "resetContexts": false,
      "action": "filter.offense",
      "affectedContexts": [],
      "parameters": [
        {
          "required": false,
          "dataType": "@offense",
          "name": "offense",
          "value": "$offense",
          "defaultValue": ""
        }
      ],
      "speech": "Be kind!"
    }
  ],
  "state": "LOADED",
  "priority": 500000,
  "cortanaCommand": {
    "navigateOrService": "NAVIGATE",
    "target": ""
  },
  "assistantCommand": {
    "urlCommand": "",
    "doCommand": ""
  }
}