{
  "id": "8430eb66-faf7-48c2-9b90-d0248ad7601c",
  "name": "religious",
  "auto": true,
  "contexts": [],
  "templates": [
    "* @religious:religious *"
  ],
  "responses": [
    {
      "resetContexts": false,
      "action": "filter.religious",
      "affectedContexts": [],
      "parameters": [
        {
          "required": false,
          "dataType": "@religious",
          "name": "religious",
          "value": "$religious",
          "defaultValue": ""
        }
      ],
      "speech": "We could easily avoid such words here."
    }
  ],
  "state": "LEARNED",
  "priority": 500000,
  "cortanaCommand": {
    "navigateOrService": "NAVIGATE",
    "target": ""
  },
  "assistantCommand": {
    "urlCommand": "",
    "doCommand": ""
  }
}