{
  "id": "61d159f7-3320-477c-80dd-ea519cedf6b5",
  "name": "sex",
  "auto": true,
  "contexts": [],
  "templates": [
    "* @sex:sex *"
  ],
  "responses": [
    {
      "resetContexts": false,
      "action": "filter.sex",
      "affectedContexts": [],
      "parameters": [
        {
          "required": false,
          "dataType": "@sex",
          "name": "sex",
          "value": "$sex",
          "defaultValue": ""
        }
      ],
      "speech": "Oh! I\u0027m sure it\u0027s a wrong chat for this."
    }
  ],
  "state": "LEARNED",
  "priority": 500000,
  "cortanaCommand": {
    "navigateOrService": "NAVIGATE",
    "target": ""
  },
  "assistantCommand": {
    "urlCommand": "",
    "doCommand": ""
  }
}