{
  "id": "7586ae82-8cf1-422d-a912-8deaa21292b9",
  "name": "toilet",
  "auto": true,
  "contexts": [],
  "templates": [
    "* @toilet:toilet *"
  ],
  "responses": [
    {
      "resetContexts": false,
      "action": "filter.toilet",
      "affectedContexts": [],
      "parameters": [
        {
          "required": false,
          "dataType": "@toilet",
          "name": "toilet",
          "value": "$toilet",
          "defaultValue": ""
        }
      ],
      "speech": "I\u0027m sure we could do without this kind of talk."
    }
  ],
  "state": "LEARNED",
  "priority": 500000,
  "cortanaCommand": {
    "navigateOrService": "NAVIGATE",
    "target": ""
  },
  "assistantCommand": {
    "urlCommand": "",
    "doCommand": ""
  }
}