{
  "id": "445be624-f7a8-4483-9e7e-4eb2a7cbed55",
  "name": "ethnic",
  "isOverridable": true,
  "entries": [
    {
      "value": "Abbo",
      "synonyms": [
        "Abbo"
      ]
    },
    {
      "value": "ABCD",
      "synonyms": [
        "ABCD"
      ]
    },
    {
      "value": "Abo",
      "synonyms": [
        "Abo"
      ]
    },
    {
      "value": "Afro saxon",
      "synonyms": [
        "Afro saxon"
      ]
    },
    {
      "value": "Afro-saxon",
      "synonyms": [
        "Afro-saxon"
      ]
    },
    {
      "value": "Afrosaxon",
      "synonyms": [
        "Afrosaxon"
      ]
    },
    {
      "value": "Albino",
      "synonyms": [
        "Albino"
      ]
    },
    {
      "value": "alligator bait",
      "synonyms": [
        "alligator bait"
      ]
    },
    {
      "value": "alligator-bait",
      "synonyms": [
        "alligator-bait"
      ]
    },
    {
      "value": "alligatorbait",
      "synonyms": [
        "alligatorbait"
      ]
    },
    {
      "value": "Alter kacker",
      "synonyms": [
        "Alter kacker"
      ]
    },
    {
      "value": "Alter-kacker",
      "synonyms": [
        "Alter-kacker"
      ]
    },
    {
      "value": "Alterkacker",
      "synonyms": [
        "Alterkacker"
      ]
    },
    {
      "value": "American-Born Confused Desi",
      "synonyms": [
        "American-Born Confused Desi"
      ]
    },
    {
      "value": "Anglo pilferer",
      "synonyms": [
        "Anglo pilferer"
      ]
    },
    {
      "value": "Anglo-pilferer",
      "synonyms": [
        "Anglo-pilferer"
      ]
    },
    {
      "value": "Anglopilferer",
      "synonyms": [
        "Anglopilferer"
      ]
    },
    {
      "value": "Ape",
      "synonyms": [
        "Ape"
      ]
    },
    {
      "value": "Argie",
      "synonyms": [
        "Argie"
      ]
    },
    {
      "value": "Aunt Jane",
      "synonyms": [
        "Aunt Jane"
      ]
    },
    {
      "value": "Aunt Jemima",
      "synonyms": [
        "Aunt Jemima"
      ]
    },
    {
      "value": "Aunt Sally",
      "synonyms": [
        "Aunt Sally"
      ]
    },
    {
      "value": "Aunt Thomasina",
      "synonyms": [
        "Aunt Thomasina"
      ]
    },
    {
      "value": "Beaner",
      "synonyms": [
        "Beaner"
      ]
    },
    {
      "value": "Bog Irish",
      "synonyms": [
        "Bog Irish"
      ]
    },
    {
      "value": "Bohunk",
      "synonyms": [
        "Bohunk"
      ]
    },
    {
      "value": "Boong",
      "synonyms": [
        "Boong"
      ]
    },
    {
      "value": "Boonga",
      "synonyms": [
        "Boonga"
      ]
    },
    {
      "value": "Bounty bar",
      "synonyms": [
        "Bounty bar"
      ]
    },
    {
      "value": "Bounty-bar",
      "synonyms": [
        "Bounty-bar"
      ]
    },
    {
      "value": "Bountybar",
      "synonyms": [
        "Bountybar"
      ]
    },
    {
      "value": "Buffie",
      "synonyms": [
        "Buffie"
      ]
    },
    {
      "value": "Bule",
      "synonyms": [
        "Bule"
      ]
    },
    {
      "value": "Camel jockey",
      "synonyms": [
        "Camel jockey"
      ]
    },
    {
      "value": "Camel-jockey",
      "synonyms": [
        "Camel-jockey"
      ]
    },
    {
      "value": "Cameljockey",
      "synonyms": [
        "Cameljockey"
      ]
    },
    {
      "value": "Cheese-eating Chee-chee",
      "synonyms": [
        "Cheese-eating Chee-chee"
      ]
    },
    {
      "value": "China man",
      "synonyms": [
        "China man"
      ]
    },
    {
      "value": "China men",
      "synonyms": [
        "China men"
      ]
    },
    {
      "value": "China-man",
      "synonyms": [
        "China-man"
      ]
    },
    {
      "value": "China-men",
      "synonyms": [
        "China-men"
      ]
    },
    {
      "value": "Chinaman",
      "synonyms": [
        "Chinaman"
      ]
    },
    {
      "value": "Chinamen",
      "synonyms": [
        "Chinamen"
      ]
    },
    {
      "value": "chinc",
      "synonyms": [
        "chinc"
      ]
    },
    {
      "value": "Ching chong",
      "synonyms": [
        "Ching chong"
      ]
    },
    {
      "value": "Ching-chong",
      "synonyms": [
        "Ching-chong"
      ]
    },
    {
      "value": "Chingchong",
      "synonyms": [
        "Chingchong"
      ]
    },
    {
      "value": "Chink",
      "synonyms": [
        "Chink"
      ]
    },
    {
      "value": "Cholo",
      "synonyms": [
        "Cholo"
      ]
    },
    {
      "value": "Chonky",
      "synonyms": [
        "Chonky"
      ]
    },
    {
      "value": "Christ killer",
      "synonyms": [
        "Christ killer"
      ]
    },
    {
      "value": "Christ-killer",
      "synonyms": [
        "Christ-killer"
      ]
    },
    {
      "value": "Christkiller",
      "synonyms": [
        "Christkiller"
      ]
    },
    {
      "value": "Chug",
      "synonyms": [
        "Chug"
      ]
    },
    {
      "value": "Coloured",
      "synonyms": [
        "Coloured"
      ]
    },
    {
      "value": "Coolie",
      "synonyms": [
        "Coolie"
      ]
    },
    {
      "value": "Coon ass",
      "synonyms": [
        "Coon ass"
      ]
    },
    {
      "value": "Coon-ass",
      "synonyms": [
        "Coon-ass"
      ]
    },
    {
      "value": "Coonass",
      "synonyms": [
        "Coonass"
      ]
    },
    {
      "value": "Cunt eyed",
      "synonyms": [
        "Cunt eyed"
      ]
    },
    {
      "value": "Cunt-eyed",
      "synonyms": [
        "Cunt-eyed"
      ]
    },
    {
      "value": "Cunteyed",
      "synonyms": [
        "Cunteyed"
      ]
    },
    {
      "value": "Curry muncher",
      "synonyms": [
        "Curry muncher"
      ]
    },
    {
      "value": "Curry-muncher",
      "synonyms": [
        "Curry-muncher"
      ]
    },
    {
      "value": "Currymuncher",
      "synonyms": [
        "Currymuncher"
      ]
    },
    {
      "value": "dago",
      "synonyms": [
        "dago"
      ]
    },
    {
      "value": "Darkey",
      "synonyms": [
        "Darkey"
      ]
    },
    {
      "value": "darkie",
      "synonyms": [
        "darkie"
      ]
    },
    {
      "value": "Darky",
      "synonyms": [
        "Darky"
      ]
    },
    {
      "value": "deggo",
      "synonyms": [
        "deggo"
      ]
    },
    {
      "value": "Dhoti",
      "synonyms": [
        "Dhoti"
      ]
    },
    {
      "value": "Dink",
      "synonyms": [
        "Dink"
      ]
    },
    {
      "value": "Dogan",
      "synonyms": [
        "Dogan"
      ]
    },
    {
      "value": "dogun",
      "synonyms": [
        "dogun"
      ]
    },
    {
      "value": "Dune coon",
      "synonyms": [
        "Dune coon"
      ]
    },
    {
      "value": "Dune-coon",
      "synonyms": [
        "Dune-coon"
      ]
    },
    {
      "value": "Dunecoon",
      "synonyms": [
        "Dunecoon"
      ]
    },
    {
      "value": "Eight ball",
      "synonyms": [
        "Eight ball"
      ]
    },
    {
      "value": "Eight-ball",
      "synonyms": [
        "Eight-ball"
      ]
    },
    {
      "value": "Eightball",
      "synonyms": [
        "Eightball"
      ]
    },
    {
      "value": "Eskimo",
      "synonyms": [
        "Eskimo"
      ]
    },
    {
      "value": "Eyetie",
      "synonyms": [
        "Eyetie"
      ]
    },
    {
      "value": "Fenian",
      "synonyms": [
        "Fenian"
      ]
    },
    {
      "value": "Free stater",
      "synonyms": [
        "Free stater"
      ]
    },
    {
      "value": "Free-stater",
      "synonyms": [
        "Free-stater"
      ]
    },
    {
      "value": "Freestater",
      "synonyms": [
        "Freestater"
      ]
    },
    {
      "value": "Fritz",
      "synonyms": [
        "Fritz"
      ]
    },
    {
      "value": "Fuzzy wuzzy",
      "synonyms": [
        "Fuzzy wuzzy"
      ]
    },
    {
      "value": "Fuzzy-wuzzy",
      "synonyms": [
        "Fuzzy-wuzzy"
      ]
    },
    {
      "value": "Fuzzywuzzy",
      "synonyms": [
        "Fuzzywuzzy"
      ]
    },
    {
      "value": "Gable",
      "synonyms": [
        "Gable"
      ]
    },
    {
      "value": "Gin jockey",
      "synonyms": [
        "Gin jockey"
      ]
    },
    {
      "value": "Gin-jockey",
      "synonyms": [
        "Gin-jockey"
      ]
    },
    {
      "value": "Ginjockey",
      "synonyms": [
        "Ginjockey"
      ]
    },
    {
      "value": "Ginzo",
      "synonyms": [
        "Ginzo"
      ]
    },
    {
      "value": "gipp",
      "synonyms": [
        "gipp"
      ]
    },
    {
      "value": "Gippo",
      "synonyms": [
        "Gippo"
      ]
    },
    {
      "value": "Golli wog",
      "synonyms": [
        "Golli wog"
      ]
    },
    {
      "value": "golli wogg",
      "synonyms": [
        "golli wogg"
      ]
    },
    {
      "value": "Golli-wog",
      "synonyms": [
        "Golli-wog"
      ]
    },
    {
      "value": "golli-wogg",
      "synonyms": [
        "golli-wogg"
      ]
    },
    {
      "value": "Golliwog",
      "synonyms": [
        "Golliwog"
      ]
    },
    {
      "value": "golliwogg",
      "synonyms": [
        "golliwogg"
      ]
    },
    {
      "value": "Gook",
      "synonyms": [
        "Gook"
      ]
    },
    {
      "value": "Goombah",
      "synonyms": [
        "Goombah"
      ]
    },
    {
      "value": "Goyisher kopf",
      "synonyms": [
        "Goyisher kopf"
      ]
    },
    {
      "value": "Goyisher-kopf",
      "synonyms": [
        "Goyisher-kopf"
      ]
    },
    {
      "value": "Goyisherkopf",
      "synonyms": [
        "Goyisherkopf"
      ]
    },
    {
      "value": "Grease ball",
      "synonyms": [
        "Grease ball"
      ]
    },
    {
      "value": "Grease-ball",
      "synonyms": [
        "Grease-ball"
      ]
    },
    {
      "value": "Greaseball",
      "synonyms": [
        "Greaseball"
      ]
    },
    {
      "value": "Greaser",
      "synonyms": [
        "Greaser"
      ]
    },
    {
      "value": "Gringo",
      "synonyms": [
        "Gringo"
      ]
    },
    {
      "value": "Groid",
      "synonyms": [
        "Groid"
      ]
    },
    {
      "value": "Gub",
      "synonyms": [
        "Gub"
      ]
    },
    {
      "value": "Gubba",
      "synonyms": [
        "Gubba"
      ]
    },
    {
      "value": "guido",
      "synonyms": [
        "guido"
      ]
    },
    {
      "value": "gwailo",
      "synonyms": [
        "gwailo"
      ]
    },
    {
      "value": "Gweilo",
      "synonyms": [
        "Gweilo"
      ]
    },
    {
      "value": "Gypo",
      "synonyms": [
        "Gypo"
      ]
    },
    {
      "value": "Gyppie",
      "synonyms": [
        "Gyppie"
      ]
    },
    {
      "value": "Gyppo",
      "synonyms": [
        "Gyppo"
      ]
    },
    {
      "value": "Gyppy",
      "synonyms": [
        "Gyppy"
      ]
    },
    {
      "value": "Gypsy",
      "synonyms": [
        "Gypsy"
      ]
    },
    {
      "value": "Hadji",
      "synonyms": [
        "Hadji"
      ]
    },
    {
      "value": "Hajji",
      "synonyms": [
        "Hajji"
      ]
    },
    {
      "value": "Half caste",
      "synonyms": [
        "Half caste"
      ]
    },
    {
      "value": "Half-caste",
      "synonyms": [
        "Half-caste"
      ]
    },
    {
      "value": "Halfcaste",
      "synonyms": [
        "Halfcaste"
      ]
    },
    {
      "value": "Haole",
      "synonyms": [
        "Haole"
      ]
    },
    {
      "value": "Hebe",
      "synonyms": [
        "Hebe"
      ]
    },
    {
      "value": "Heeb",
      "synonyms": [
        "Heeb"
      ]
    },
    {
      "value": "Hindoo",
      "synonyms": [
        "Hindoo"
      ]
    },
    {
      "value": "Honkey",
      "synonyms": [
        "Honkey"
      ]
    },
    {
      "value": "Honky",
      "synonyms": [
        "Honky"
      ]
    },
    {
      "value": "House nigger",
      "synonyms": [
        "House nigger"
      ]
    },
    {
      "value": "House-nigger",
      "synonyms": [
        "House-nigger"
      ]
    },
    {
      "value": "Housenigger",
      "synonyms": [
        "Housenigger"
      ]
    },
    {
      "value": "Hun",
      "synonyms": [
        "Hun"
      ]
    },
    {
      "value": "Hymie",
      "synonyms": [
        "Hymie"
      ]
    },
    {
      "value": "Ikey",
      "synonyms": [
        "Ikey"
      ]
    },
    {
      "value": "ikey mo",
      "synonyms": [
        "ikey mo"
      ]
    },
    {
      "value": "Ikey-mo",
      "synonyms": [
        "Ikey-mo"
      ]
    },
    {
      "value": "ikeymo",
      "synonyms": [
        "ikeymo"
      ]
    },
    {
      "value": "iky",
      "synonyms": [
        "iky"
      ]
    },
    {
      "value": "Injun",
      "synonyms": [
        "Injun"
      ]
    },
    {
      "value": "jap",
      "synonyms": [
        "jap"
      ]
    },
    {
      "value": "jig",
      "synonyms": [
        "jig"
      ]
    },
    {
      "value": "jiga boo",
      "synonyms": [
        "jiga boo"
      ]
    },
    {
      "value": "Jiga rooni",
      "synonyms": [
        "Jiga rooni"
      ]
    },
    {
      "value": "Jiga-boo",
      "synonyms": [
        "Jiga-boo"
      ]
    },
    {
      "value": "Jiga-rooni",
      "synonyms": [
        "Jiga-rooni"
      ]
    },
    {
      "value": "jigaboo",
      "synonyms": [
        "jigaboo"
      ]
    },
    {
      "value": "Jigarooni",
      "synonyms": [
        "Jigarooni"
      ]
    },
    {
      "value": "Jigg",
      "synonyms": [
        "Jigg"
      ]
    },
    {
      "value": "Jigga",
      "synonyms": [
        "Jigga"
      ]
    },
    {
      "value": "Jigga bo",
      "synonyms": [
        "Jigga bo"
      ]
    },
    {
      "value": "Jigga-bo",
      "synonyms": [
        "Jigga-bo"
      ]
    },
    {
      "value": "Jiggabo",
      "synonyms": [
        "Jiggabo"
      ]
    },
    {
      "value": "jigger",
      "synonyms": [
        "jigger"
      ]
    },
    {
      "value": "jiggy",
      "synonyms": [
        "jiggy"
      ]
    },
    {
      "value": "jijji boo",
      "synonyms": [
        "jijji boo"
      ]
    },
    {
      "value": "jijji-boo",
      "synonyms": [
        "jijji-boo"
      ]
    },
    {
      "value": "jijjiboo",
      "synonyms": [
        "jijjiboo"
      ]
    },
    {
      "value": "jim crow",
      "synonyms": [
        "jim crow"
      ]
    },
    {
      "value": "Jim fish",
      "synonyms": [
        "Jim fish"
      ]
    },
    {
      "value": "jim-crow",
      "synonyms": [
        "jim-crow"
      ]
    },
    {
      "value": "Jim-fish",
      "synonyms": [
        "Jim-fish"
      ]
    },
    {
      "value": "jimcrow",
      "synonyms": [
        "jimcrow"
      ]
    },
    {
      "value": "Jimfish",
      "synonyms": [
        "Jimfish"
      ]
    },
    {
      "value": "jungle bunny",
      "synonyms": [
        "jungle bunny"
      ]
    },
    {
      "value": "Jungle-bunny",
      "synonyms": [
        "Jungle-bunny"
      ]
    },
    {
      "value": "Junglebunny",
      "synonyms": [
        "Junglebunny"
      ]
    },
    {
      "value": "kaffer",
      "synonyms": [
        "kaffer"
      ]
    },
    {
      "value": "Kaffir",
      "synonyms": [
        "Kaffir"
      ]
    },
    {
      "value": "kaffre",
      "synonyms": [
        "kaffre"
      ]
    },
    {
      "value": "kafir",
      "synonyms": [
        "kafir"
      ]
    },
    {
      "value": "Kike",
      "synonyms": [
        "Kike"
      ]
    },
    {
      "value": "Kraut",
      "synonyms": [
        "Kraut"
      ]
    },
    {
      "value": "kwai",
      "synonyms": [
        "kwai"
      ]
    },
    {
      "value": "Kwai lo",
      "synonyms": [
        "Kwai lo"
      ]
    },
    {
      "value": "Kwai-lo",
      "synonyms": [
        "Kwai-lo"
      ]
    },
    {
      "value": "Kwailo",
      "synonyms": [
        "Kwailo"
      ]
    },
    {
      "value": "kyke",
      "synonyms": [
        "kyke"
      ]
    },
    {
      "value": "Lace Curtain Irish",
      "synonyms": [
        "Lace Curtain Irish"
      ]
    },
    {
      "value": "Limey",
      "synonyms": [
        "Limey"
      ]
    },
    {
      "value": "Macaca",
      "synonyms": [
        "Macaca"
      ]
    },
    {
      "value": "mangia cake",
      "synonyms": [
        "mangia cake"
      ]
    },
    {
      "value": "mangia-cake",
      "synonyms": [
        "mangia-cake"
      ]
    },
    {
      "value": "mangiacake",
      "synonyms": [
        "mangiacake"
      ]
    },
    {
      "value": "Merkin",
      "synonyms": [
        "Merkin"
      ]
    },
    {
      "value": "moch",
      "synonyms": [
        "moch"
      ]
    },
    {
      "value": "Moon cricket",
      "synonyms": [
        "Moon cricket"
      ]
    },
    {
      "value": "Moon-cricket",
      "synonyms": [
        "Moon-cricket"
      ]
    },
    {
      "value": "Mooncricket",
      "synonyms": [
        "Mooncricket"
      ]
    },
    {
      "value": "Moskal",
      "synonyms": [
        "Moskal"
      ]
    },
    {
      "value": "moss head",
      "synonyms": [
        "moss head"
      ]
    },
    {
      "value": "moss-head",
      "synonyms": [
        "moss-head"
      ]
    },
    {
      "value": "mosshead",
      "synonyms": [
        "mosshead"
      ]
    },
    {
      "value": "Munt",
      "synonyms": [
        "Munt"
      ]
    },
    {
      "value": "Munter",
      "synonyms": [
        "Munter"
      ]
    },
    {
      "value": "Mussie",
      "synonyms": [
        "Mussie"
      ]
    },
    {
      "value": "Muzzie",
      "synonyms": [
        "Muzzie"
      ]
    },
    {
      "value": "neche",
      "synonyms": [
        "neche"
      ]
    },
    {
      "value": "neechee",
      "synonyms": [
        "neechee"
      ]
    },
    {
      "value": "neejee",
      "synonyms": [
        "neejee"
      ]
    },
    {
      "value": "negra",
      "synonyms": [
        "negra"
      ]
    },
    {
      "value": "nichi",
      "synonyms": [
        "nichi"
      ]
    },
    {
      "value": "nichiwa",
      "synonyms": [
        "nichiwa"
      ]
    },
    {
      "value": "nidge",
      "synonyms": [
        "nidge"
      ]
    },
    {
      "value": "Nig",
      "synonyms": [
        "Nig"
      ]
    },
    {
      "value": "nig jig",
      "synonyms": [
        "nig jig"
      ]
    },
    {
      "value": "nig nog",
      "synonyms": [
        "nig nog"
      ]
    },
    {
      "value": "nig-jig",
      "synonyms": [
        "nig-jig"
      ]
    },
    {
      "value": "nig-nog",
      "synonyms": [
        "nig-nog"
      ]
    },
    {
      "value": "nigar",
      "synonyms": [
        "nigar"
      ]
    },
    {
      "value": "niger",
      "synonyms": [
        "niger"
      ]
    },
    {
      "value": "nigga",
      "synonyms": [
        "nigga"
      ]
    },
    {
      "value": "niggah",
      "synonyms": [
        "niggah"
      ]
    },
    {
      "value": "niggar",
      "synonyms": [
        "niggar"
      ]
    },
    {
      "value": "nigger",
      "synonyms": [
        "nigger"
      ]
    },
    {
      "value": "niggers",
      "synonyms": [
        "niggers"
      ]
    },
    {
      "value": "nigglet",
      "synonyms": [
        "nigglet"
      ]
    },
    {
      "value": "niggor",
      "synonyms": [
        "niggor"
      ]
    },
    {
      "value": "niggr",
      "synonyms": [
        "niggr"
      ]
    },
    {
      "value": "niggra",
      "synonyms": [
        "niggra"
      ]
    },
    {
      "value": "niggress",
      "synonyms": [
        "niggress"
      ]
    },
    {
      "value": "nigguh",
      "synonyms": [
        "nigguh"
      ]
    },
    {
      "value": "niggur",
      "synonyms": [
        "niggur"
      ]
    },
    {
      "value": "nigjig",
      "synonyms": [
        "nigjig"
      ]
    },
    {
      "value": "niglet",
      "synonyms": [
        "niglet"
      ]
    },
    {
      "value": "nignog",
      "synonyms": [
        "nignog"
      ]
    },
    {
      "value": "nigor",
      "synonyms": [
        "nigor"
      ]
    },
    {
      "value": "nigra",
      "synonyms": [
        "nigra"
      ]
    },
    {
      "value": "nigrah",
      "synonyms": [
        "nigrah"
      ]
    },
    {
      "value": "nigre",
      "synonyms": [
        "nigre"
      ]
    },
    {
      "value": "nigrug",
      "synonyms": [
        "nigrug"
      ]
    },
    {
      "value": "nigruh",
      "synonyms": [
        "nigruh"
      ]
    },
    {
      "value": "nip",
      "synonyms": [
        "nip"
      ]
    },
    {
      "value": "nitchee",
      "synonyms": [
        "nitchee"
      ]
    },
    {
      "value": "nitchie",
      "synonyms": [
        "nitchie"
      ]
    },
    {
      "value": "nitchy",
      "synonyms": [
        "nitchy"
      ]
    },
    {
      "value": "northern monkey",
      "synonyms": [
        "northern monkey"
      ]
    },
    {
      "value": "northern-monkey",
      "synonyms": [
        "northern-monkey"
      ]
    },
    {
      "value": "northernmonkey",
      "synonyms": [
        "northernmonkey"
      ]
    },
    {
      "value": "ocker",
      "synonyms": [
        "ocker"
      ]
    },
    {
      "value": "ofay",
      "synonyms": [
        "ofay"
      ]
    },
    {
      "value": "paki",
      "synonyms": [
        "paki"
      ]
    },
    {
      "value": "Pakki",
      "synonyms": [
        "Pakki"
      ]
    },
    {
      "value": "panooch",
      "synonyms": [
        "panooch"
      ]
    },
    {
      "value": "Pecker wood",
      "synonyms": [
        "Pecker wood"
      ]
    },
    {
      "value": "Pecker-wood",
      "synonyms": [
        "Pecker-wood"
      ]
    },
    {
      "value": "Peckerwood",
      "synonyms": [
        "Peckerwood"
      ]
    },
    {
      "value": "peckker wood",
      "synonyms": [
        "peckker wood"
      ]
    },
    {
      "value": "peckker-wood",
      "synonyms": [
        "peckker-wood"
      ]
    },
    {
      "value": "peckkerwood",
      "synonyms": [
        "peckkerwood"
      ]
    },
    {
      "value": "Pickaninny",
      "synonyms": [
        "Pickaninny"
      ]
    },
    {
      "value": "piker",
      "synonyms": [
        "piker"
      ]
    },
    {
      "value": "Pikey",
      "synonyms": [
        "Pikey"
      ]
    },
    {
      "value": "piky",
      "synonyms": [
        "piky"
      ]
    },
    {
      "value": "pocha",
      "synonyms": [
        "pocha"
      ]
    },
    {
      "value": "pollock",
      "synonyms": [
        "pollock"
      ]
    },
    {
      "value": "Pom",
      "synonyms": [
        "Pom"
      ]
    },
    {
      "value": "porch monkey",
      "synonyms": [
        "porch monkey"
      ]
    },
    {
      "value": "Porch-monkey",
      "synonyms": [
        "Porch-monkey"
      ]
    },
    {
      "value": "porchmonkey",
      "synonyms": [
        "porchmonkey"
      ]
    },
    {
      "value": "poweder burn",
      "synonyms": [
        "poweder burn"
      ]
    },
    {
      "value": "poweder-burn",
      "synonyms": [
        "poweder-burn"
      ]
    },
    {
      "value": "powederburn",
      "synonyms": [
        "powederburn"
      ]
    },
    {
      "value": "Prairie nigger",
      "synonyms": [
        "Prairie nigger"
      ]
    },
    {
      "value": "Prairie-nigger",
      "synonyms": [
        "Prairie-nigger"
      ]
    },
    {
      "value": "Prairienigger",
      "synonyms": [
        "Prairienigger"
      ]
    },
    {
      "value": "Quashie",
      "synonyms": [
        "Quashie"
      ]
    },
    {
      "value": "Rag head",
      "synonyms": [
        "Rag head"
      ]
    },
    {
      "value": "Rag-head",
      "synonyms": [
        "Rag-head"
      ]
    },
    {
      "value": "Raghead",
      "synonyms": [
        "Raghead"
      ]
    },
    {
      "value": "Red skin",
      "synonyms": [
        "Red skin"
      ]
    },
    {
      "value": "Red-skin",
      "synonyms": [
        "Red-skin"
      ]
    },
    {
      "value": "Redskin",
      "synonyms": [
        "Redskin"
      ]
    },
    {
      "value": "round eye",
      "synonyms": [
        "round eye"
      ]
    },
    {
      "value": "Round-eye",
      "synonyms": [
        "Round-eye"
      ]
    },
    {
      "value": "roundeye",
      "synonyms": [
        "roundeye"
      ]
    },
    {
      "value": "Saes",
      "synonyms": [
        "Saes"
      ]
    },
    {
      "value": "Sand nigger",
      "synonyms": [
        "Sand nigger"
      ]
    },
    {
      "value": "Sand-nigger",
      "synonyms": [
        "Sand-nigger"
      ]
    },
    {
      "value": "Sandnigger",
      "synonyms": [
        "Sandnigger"
      ]
    },
    {
      "value": "Sassenach",
      "synonyms": [
        "Sassenach"
      ]
    },
    {
      "value": "Sawney",
      "synonyms": [
        "Sawney"
      ]
    },
    {
      "value": "Seppo",
      "synonyms": [
        "Seppo"
      ]
    },
    {
      "value": "Septic",
      "synonyms": [
        "Septic"
      ]
    },
    {
      "value": "sheeny",
      "synonyms": [
        "sheeny"
      ]
    },
    {
      "value": "Sheister",
      "synonyms": [
        "Sheister"
      ]
    },
    {
      "value": "Shiksa",
      "synonyms": [
        "Shiksa"
      ]
    },
    {
      "value": "Shiptar",
      "synonyms": [
        "Shiptar"
      ]
    },
    {
      "value": "Shvartse",
      "synonyms": [
        "Shvartse"
      ]
    },
    {
      "value": "shy lock",
      "synonyms": [
        "shy lock"
      ]
    },
    {
      "value": "shy-lock",
      "synonyms": [
        "shy-lock"
      ]
    },
    {
      "value": "shylock",
      "synonyms": [
        "shylock"
      ]
    },
    {
      "value": "Slant eyed",
      "synonyms": [
        "Slant eyed"
      ]
    },
    {
      "value": "Slant-eyed",
      "synonyms": [
        "Slant-eyed"
      ]
    },
    {
      "value": "Slanteyed",
      "synonyms": [
        "Slanteyed"
      ]
    },
    {
      "value": "Smoked Irish",
      "synonyms": [
        "Smoked Irish"
      ]
    },
    {
      "value": "smoked Irishman",
      "synonyms": [
        "smoked Irishman"
      ]
    },
    {
      "value": "Sooty",
      "synonyms": [
        "Sooty"
      ]
    },
    {
      "value": "Southern Fairy",
      "synonyms": [
        "Southern Fairy"
      ]
    },
    {
      "value": "Spaghetti nigger",
      "synonyms": [
        "Spaghetti nigger"
      ]
    },
    {
      "value": "Spaghetti-nigger",
      "synonyms": [
        "Spaghetti-nigger"
      ]
    },
    {
      "value": "Spaghettinigger",
      "synonyms": [
        "Spaghettinigger"
      ]
    },
    {
      "value": "Spear chucker",
      "synonyms": [
        "Spear chucker"
      ]
    },
    {
      "value": "Spear-chucker",
      "synonyms": [
        "Spear-chucker"
      ]
    },
    {
      "value": "Spearchucker",
      "synonyms": [
        "Spearchucker"
      ]
    },
    {
      "value": "spic",
      "synonyms": [
        "spic"
      ]
    },
    {
      "value": "spick",
      "synonyms": [
        "spick"
      ]
    },
    {
      "value": "Spig",
      "synonyms": [
        "Spig"
      ]
    },
    {
      "value": "spigotty",
      "synonyms": [
        "spigotty"
      ]
    },
    {
      "value": "Spik",
      "synonyms": [
        "Spik"
      ]
    },
    {
      "value": "squaw",
      "synonyms": [
        "squaw"
      ]
    },
    {
      "value": "surrender monkey",
      "synonyms": [
        "surrender monkey"
      ]
    },
    {
      "value": "surrender-monkey",
      "synonyms": [
        "surrender-monkey"
      ]
    },
    {
      "value": "surrendermonkey",
      "synonyms": [
        "surrendermonkey"
      ]
    },
    {
      "value": "Taig",
      "synonyms": [
        "Taig"
      ]
    },
    {
      "value": "Tar baby",
      "synonyms": [
        "Tar baby"
      ]
    },
    {
      "value": "Tar-baby",
      "synonyms": [
        "Tar-baby"
      ]
    },
    {
      "value": "Tarbaby",
      "synonyms": [
        "Tarbaby"
      ]
    },
    {
      "value": "Thick lip",
      "synonyms": [
        "Thick lip"
      ]
    },
    {
      "value": "Thick-lip",
      "synonyms": [
        "Thick-lip"
      ]
    },
    {
      "value": "Thicklip",
      "synonyms": [
        "Thicklip"
      ]
    },
    {
      "value": "Timber nigger",
      "synonyms": [
        "Timber nigger"
      ]
    },
    {
      "value": "Timber-nigger",
      "synonyms": [
        "Timber-nigger"
      ]
    },
    {
      "value": "Timbernigger",
      "synonyms": [
        "Timbernigger"
      ]
    },
    {
      "value": "Towel head",
      "synonyms": [
        "Towel head"
      ]
    },
    {
      "value": "Towel-head",
      "synonyms": [
        "Towel-head"
      ]
    },
    {
      "value": "Towelhead",
      "synonyms": [
        "Towelhead"
      ]
    },
    {
      "value": "wegro",
      "synonyms": [
        "wegro"
      ]
    },
    {
      "value": "West brit",
      "synonyms": [
        "West brit"
      ]
    },
    {
      "value": "West Briton",
      "synonyms": [
        "West Briton"
      ]
    },
    {
      "value": "West-brit",
      "synonyms": [
        "West-brit"
      ]
    },
    {
      "value": "Westbrit",
      "synonyms": [
        "Westbrit"
      ]
    },
    {
      "value": "wet back",
      "synonyms": [
        "wet back"
      ]
    },
    {
      "value": "wet-back",
      "synonyms": [
        "wet-back"
      ]
    },
    {
      "value": "wetback",
      "synonyms": [
        "wetback"
      ]
    },
    {
      "value": "Whigger",
      "synonyms": [
        "Whigger"
      ]
    },
    {
      "value": "White nigger",
      "synonyms": [
        "White nigger"
      ]
    },
    {
      "value": "white people stink",
      "synonyms": [
        "white people stink"
      ]
    },
    {
      "value": "white trash",
      "synonyms": [
        "white trash"
      ]
    },
    {
      "value": "White-nigger",
      "synonyms": [
        "White-nigger"
      ]
    },
    {
      "value": "white-trash",
      "synonyms": [
        "white-trash"
      ]
    },
    {
      "value": "Whitenigger",
      "synonyms": [
        "Whitenigger"
      ]
    },
    {
      "value": "whitetrash",
      "synonyms": [
        "whitetrash"
      ]
    },
    {
      "value": "Whitey",
      "synonyms": [
        "Whitey"
      ]
    },
    {
      "value": "Wigga",
      "synonyms": [
        "Wigga"
      ]
    },
    {
      "value": "Wigger",
      "synonyms": [
        "Wigger"
      ]
    },
    {
      "value": "wog",
      "synonyms": [
        "wog"
      ]
    },
    {
      "value": "wop",
      "synonyms": [
        "wop"
      ]
    },
    {
      "value": "yid",
      "synonyms": [
        "yid"
      ]
    },
    {
      "value": "zigabo",
      "synonyms": [
        "zigabo"
      ]
    }
  ],
  "isEnum": false,
  "automatedExpansion": false
}