{
  "id": "4475479f-dbec-4268-9c02-d5a3ad83f4b9",
  "name": "foul",
  "isOverridable": true,
  "entries": [
    {
      "value": "cunty",
      "synonyms": [
        "cunty"
      ]
    },
    {
      "value": "sucks",
      "synonyms": [
        "sucks"
      ]
    },
    {
      "value": "abitch",
      "synonyms": [
        "abitch"
      ]
    },
    {
      "value": "arse b1te",
      "synonyms": [
        "arse b1te"
      ]
    },
    {
      "value": "arse bag",
      "synonyms": [
        "arse bag"
      ]
    },
    {
      "value": "arse band1t",
      "synonyms": [
        "arse band1t"
      ]
    },
    {
      "value": "arse bandit",
      "synonyms": [
        "arse bandit"
      ]
    },
    {
      "value": "arse banger",
      "synonyms": [
        "arse banger"
      ]
    },
    {
      "value": "arse bite",
      "synonyms": [
        "arse bite"
      ]
    },
    {
      "value": "arse clown",
      "synonyms": [
        "arse clown"
      ]
    },
    {
      "value": "arse cock",
      "synonyms": [
        "arse cock"
      ]
    },
    {
      "value": "arse cracker",
      "synonyms": [
        "arse cracker"
      ]
    },
    {
      "value": "arse face",
      "synonyms": [
        "arse face"
      ]
    },
    {
      "value": "arse fuck",
      "synonyms": [
        "arse fuck"
      ]
    },
    {
      "value": "arse fucker",
      "synonyms": [
        "arse fucker"
      ]
    },
    {
      "value": "arse gobl1n",
      "synonyms": [
        "arse gobl1n"
      ]
    },
    {
      "value": "arse goblin",
      "synonyms": [
        "arse goblin"
      ]
    },
    {
      "value": "arse hat",
      "synonyms": [
        "arse hat"
      ]
    },
    {
      "value": "arse hole",
      "synonyms": [
        "arse hole"
      ]
    },
    {
      "value": "arseb1te",
      "synonyms": [
        "arseb1te"
      ]
    },
    {
      "value": "arse-b1te",
      "synonyms": [
        "arse-b1te"
      ]
    },
    {
      "value": "arsebag",
      "synonyms": [
        "arsebag"
      ]
    },
    {
      "value": "arse-bag",
      "synonyms": [
        "arse-bag"
      ]
    },
    {
      "value": "arseband1t",
      "synonyms": [
        "arseband1t"
      ]
    },
    {
      "value": "arse-band1t",
      "synonyms": [
        "arse-band1t"
      ]
    },
    {
      "value": "arsebandit",
      "synonyms": [
        "arsebandit"
      ]
    },
    {
      "value": "arse-bandit",
      "synonyms": [
        "arse-bandit"
      ]
    },
    {
      "value": "arsebanger",
      "synonyms": [
        "arsebanger"
      ]
    },
    {
      "value": "arse-banger",
      "synonyms": [
        "arse-banger"
      ]
    },
    {
      "value": "arsebite",
      "synonyms": [
        "arsebite"
      ]
    },
    {
      "value": "arse-bite",
      "synonyms": [
        "arse-bite"
      ]
    },
    {
      "value": "arseclown",
      "synonyms": [
        "arseclown"
      ]
    },
    {
      "value": "arse-clown",
      "synonyms": [
        "arse-clown"
      ]
    },
    {
      "value": "arsecock",
      "synonyms": [
        "arsecock"
      ]
    },
    {
      "value": "arse-cock",
      "synonyms": [
        "arse-cock"
      ]
    },
    {
      "value": "arsecracker",
      "synonyms": [
        "arsecracker"
      ]
    },
    {
      "value": "arse-cracker",
      "synonyms": [
        "arse-cracker"
      ]
    },
    {
      "value": "arseface",
      "synonyms": [
        "arseface"
      ]
    },
    {
      "value": "arse-face",
      "synonyms": [
        "arse-face"
      ]
    },
    {
      "value": "arsefuck",
      "synonyms": [
        "arsefuck"
      ]
    },
    {
      "value": "arse-fuck",
      "synonyms": [
        "arse-fuck"
      ]
    },
    {
      "value": "arsefucker",
      "synonyms": [
        "arsefucker"
      ]
    },
    {
      "value": "arse-fucker",
      "synonyms": [
        "arse-fucker"
      ]
    },
    {
      "value": "arsegobl1n",
      "synonyms": [
        "arsegobl1n"
      ]
    },
    {
      "value": "arse-gobl1n",
      "synonyms": [
        "arse-gobl1n"
      ]
    },
    {
      "value": "arsegoblin",
      "synonyms": [
        "arsegoblin"
      ]
    },
    {
      "value": "arse-goblin",
      "synonyms": [
        "arse-goblin"
      ]
    },
    {
      "value": "arsehat",
      "synonyms": [
        "arsehat"
      ]
    },
    {
      "value": "arse-hat",
      "synonyms": [
        "arse-hat"
      ]
    },
    {
      "value": "arsehole",
      "synonyms": [
        "arsehole"
      ]
    },
    {
      "value": "arse-hole",
      "synonyms": [
        "arse-hole"
      ]
    },
    {
      "value": "ass b1te",
      "synonyms": [
        "ass b1te"
      ]
    },
    {
      "value": "ass bag",
      "synonyms": [
        "ass bag"
      ]
    },
    {
      "value": "ass band1t",
      "synonyms": [
        "ass band1t"
      ]
    },
    {
      "value": "ass bandit",
      "synonyms": [
        "ass bandit"
      ]
    },
    {
      "value": "ass banger",
      "synonyms": [
        "ass banger"
      ]
    },
    {
      "value": "ass bite",
      "synonyms": [
        "ass bite"
      ]
    },
    {
      "value": "ass clown",
      "synonyms": [
        "ass clown"
      ]
    },
    {
      "value": "ass cock",
      "synonyms": [
        "ass cock"
      ]
    },
    {
      "value": "ass cracker",
      "synonyms": [
        "ass cracker"
      ]
    },
    {
      "value": "ass face",
      "synonyms": [
        "ass face"
      ]
    },
    {
      "value": "ass fuck",
      "synonyms": [
        "ass fuck"
      ]
    },
    {
      "value": "ass fucker",
      "synonyms": [
        "ass fucker"
      ]
    },
    {
      "value": "ass gobl1n",
      "synonyms": [
        "ass gobl1n"
      ]
    },
    {
      "value": "ass goblin",
      "synonyms": [
        "ass goblin"
      ]
    },
    {
      "value": "ass hat",
      "synonyms": [
        "ass hat"
      ]
    },
    {
      "value": "ass hole",
      "synonyms": [
        "ass hole"
      ]
    },
    {
      "value": "assb1te",
      "synonyms": [
        "assb1te"
      ]
    },
    {
      "value": "ass-b1te",
      "synonyms": [
        "ass-b1te"
      ]
    },
    {
      "value": "assbag",
      "synonyms": [
        "assbag"
      ]
    },
    {
      "value": "ass-bag",
      "synonyms": [
        "ass-bag"
      ]
    },
    {
      "value": "assband1t",
      "synonyms": [
        "assband1t"
      ]
    },
    {
      "value": "ass-band1t",
      "synonyms": [
        "ass-band1t"
      ]
    },
    {
      "value": "assbandit",
      "synonyms": [
        "assbandit"
      ]
    },
    {
      "value": "ass-bandit",
      "synonyms": [
        "ass-bandit"
      ]
    },
    {
      "value": "assbanger",
      "synonyms": [
        "assbanger"
      ]
    },
    {
      "value": "ass-banger",
      "synonyms": [
        "ass-banger"
      ]
    },
    {
      "value": "assbite",
      "synonyms": [
        "assbite"
      ]
    },
    {
      "value": "ass-bite",
      "synonyms": [
        "ass-bite"
      ]
    },
    {
      "value": "assclown",
      "synonyms": [
        "assclown"
      ]
    },
    {
      "value": "ass-clown",
      "synonyms": [
        "ass-clown"
      ]
    },
    {
      "value": "asscock",
      "synonyms": [
        "asscock"
      ]
    },
    {
      "value": "ass-cock",
      "synonyms": [
        "ass-cock"
      ]
    },
    {
      "value": "asscracker",
      "synonyms": [
        "asscracker"
      ]
    },
    {
      "value": "ass-cracker",
      "synonyms": [
        "ass-cracker"
      ]
    },
    {
      "value": "assface",
      "synonyms": [
        "assface"
      ]
    },
    {
      "value": "ass-face",
      "synonyms": [
        "ass-face"
      ]
    },
    {
      "value": "assfuck",
      "synonyms": [
        "assfuck"
      ]
    },
    {
      "value": "ass-fuck",
      "synonyms": [
        "ass-fuck"
      ]
    },
    {
      "value": "assfucker",
      "synonyms": [
        "assfucker"
      ]
    },
    {
      "value": "ass-fucker",
      "synonyms": [
        "ass-fucker"
      ]
    },
    {
      "value": "assgobl1n",
      "synonyms": [
        "assgobl1n"
      ]
    },
    {
      "value": "ass-gobl1n",
      "synonyms": [
        "ass-gobl1n"
      ]
    },
    {
      "value": "assgoblin",
      "synonyms": [
        "assgoblin"
      ]
    },
    {
      "value": "ass-goblin",
      "synonyms": [
        "ass-goblin"
      ]
    },
    {
      "value": "asshat",
      "synonyms": [
        "asshat"
      ]
    },
    {
      "value": "ass-hat",
      "synonyms": [
        "ass-hat"
      ]
    },
    {
      "value": "asshole",
      "synonyms": [
        "asshole"
      ]
    },
    {
      "value": "ass-hole",
      "synonyms": [
        "ass-hole"
      ]
    },
    {
      "value": "b1tch arse",
      "synonyms": [
        "b1tch arse"
      ]
    },
    {
      "value": "b1tch ass",
      "synonyms": [
        "b1tch ass"
      ]
    },
    {
      "value": "b1tch t1t",
      "synonyms": [
        "b1tch t1t"
      ]
    },
    {
      "value": "b1tch",
      "synonyms": [
        "b1tch"
      ]
    },
    {
      "value": "b1tch1n",
      "synonyms": [
        "b1tch1n"
      ]
    },
    {
      "value": "b1tcharse",
      "synonyms": [
        "b1tcharse"
      ]
    },
    {
      "value": "b1tch-arse",
      "synonyms": [
        "b1tch-arse"
      ]
    },
    {
      "value": "b1tchass",
      "synonyms": [
        "b1tchass"
      ]
    },
    {
      "value": "b1tch-ass",
      "synonyms": [
        "b1tch-ass"
      ]
    },
    {
      "value": "b1tches",
      "synonyms": [
        "b1tches"
      ]
    },
    {
      "value": "b1tcht1t",
      "synonyms": [
        "b1tcht1t"
      ]
    },
    {
      "value": "b1tch-t1t",
      "synonyms": [
        "b1tch-t1t"
      ]
    },
    {
      "value": "b1tchy",
      "synonyms": [
        "b1tchy"
      ]
    },
    {
      "value": "b1thches",
      "synonyms": [
        "b1thches"
      ]
    },
    {
      "value": "ballock",
      "synonyms": [
        "ballock"
      ]
    },
    {
      "value": "ballocks",
      "synonyms": [
        "ballocks"
      ]
    },
    {
      "value": "bampot",
      "synonyms": [
        "bampot"
      ]
    },
    {
      "value": "bastard",
      "synonyms": [
        "bastard"
      ]
    },
    {
      "value": "beane",
      "synonyms": [
        "beane"
      ]
    },
    {
      "value": "bii",
      "synonyms": [
        "bii"
      ]
    },
    {
      "value": "bitch arse",
      "synonyms": [
        "bitch arse"
      ]
    },
    {
      "value": "bitch ass",
      "synonyms": [
        "bitch ass"
      ]
    },
    {
      "value": "bitch tit",
      "synonyms": [
        "bitch tit"
      ]
    },
    {
      "value": "bitch",
      "synonyms": [
        "bitch"
      ]
    },
    {
      "value": "bitcharse",
      "synonyms": [
        "bitcharse"
      ]
    },
    {
      "value": "bitch-arse",
      "synonyms": [
        "bitch-arse"
      ]
    },
    {
      "value": "bitchass",
      "synonyms": [
        "bitchass"
      ]
    },
    {
      "value": "bitch-ass",
      "synonyms": [
        "bitch-ass"
      ]
    },
    {
      "value": "bitches",
      "synonyms": [
        "bitches"
      ]
    },
    {
      "value": "bitchin",
      "synonyms": [
        "bitchin"
      ]
    },
    {
      "value": "bitchtit",
      "synonyms": [
        "bitchtit"
      ]
    },
    {
      "value": "bitch-tit",
      "synonyms": [
        "bitch-tit"
      ]
    },
    {
      "value": "bitchy",
      "synonyms": [
        "bitchy"
      ]
    },
    {
      "value": "bithches",
      "synonyms": [
        "bithches"
      ]
    },
    {
      "value": "professional hooker bitch",
      "synonyms": [
        "professional hooker bitch"
      ]
    },
    {
      "value": "cluster fuck",
      "synonyms": [
        "cluster fuck"
      ]
    },
    {
      "value": "clusterfuck",
      "synonyms": [
        "clusterfuck"
      ]
    },
    {
      "value": "cluster-fuck",
      "synonyms": [
        "cluster-fuck"
      ]
    },
    {
      "value": "cock arse",
      "synonyms": [
        "cock arse"
      ]
    },
    {
      "value": "cock ass",
      "synonyms": [
        "cock ass"
      ]
    },
    {
      "value": "cock burger",
      "synonyms": [
        "cock burger"
      ]
    },
    {
      "value": "cock face",
      "synonyms": [
        "cock face"
      ]
    },
    {
      "value": "cock sh1t",
      "synonyms": [
        "cock sh1t"
      ]
    },
    {
      "value": "cock shit",
      "synonyms": [
        "cock shit"
      ]
    },
    {
      "value": "cock sm1th",
      "synonyms": [
        "cock sm1th"
      ]
    },
    {
      "value": "cock smith",
      "synonyms": [
        "cock smith"
      ]
    },
    {
      "value": "cock smoker",
      "synonyms": [
        "cock smoker"
      ]
    },
    {
      "value": "cock sucker",
      "synonyms": [
        "cock sucker"
      ]
    },
    {
      "value": "cockarse",
      "synonyms": [
        "cockarse"
      ]
    },
    {
      "value": "cock-arse",
      "synonyms": [
        "cock-arse"
      ]
    },
    {
      "value": "cockass",
      "synonyms": [
        "cockass"
      ]
    },
    {
      "value": "cock-ass",
      "synonyms": [
        "cock-ass"
      ]
    },
    {
      "value": "cockburger",
      "synonyms": [
        "cockburger"
      ]
    },
    {
      "value": "cock-burger",
      "synonyms": [
        "cock-burger"
      ]
    },
    {
      "value": "cockface",
      "synonyms": [
        "cockface"
      ]
    },
    {
      "value": "cock-face",
      "synonyms": [
        "cock-face"
      ]
    },
    {
      "value": "cocks",
      "synonyms": [
        "cocks"
      ]
    },
    {
      "value": "cocksh1t",
      "synonyms": [
        "cocksh1t"
      ]
    },
    {
      "value": "cock-sh1t",
      "synonyms": [
        "cock-sh1t"
      ]
    },
    {
      "value": "cockshit",
      "synonyms": [
        "cockshit"
      ]
    },
    {
      "value": "cock-shit",
      "synonyms": [
        "cock-shit"
      ]
    },
    {
      "value": "cocksm1th",
      "synonyms": [
        "cocksm1th"
      ]
    },
    {
      "value": "cock-sm1th",
      "synonyms": [
        "cock-sm1th"
      ]
    },
    {
      "value": "cocksmith",
      "synonyms": [
        "cocksmith"
      ]
    },
    {
      "value": "cock-smith",
      "synonyms": [
        "cock-smith"
      ]
    },
    {
      "value": "cocksmoker",
      "synonyms": [
        "cocksmoker"
      ]
    },
    {
      "value": "cock-smoker",
      "synonyms": [
        "cock-smoker"
      ]
    },
    {
      "value": "cocksucker",
      "synonyms": [
        "cocksucker"
      ]
    },
    {
      "value": "cock-sucker",
      "synonyms": [
        "cock-sucker"
      ]
    },
    {
      "value": "cooch1e",
      "synonyms": [
        "cooch1e"
      ]
    },
    {
      "value": "coochie",
      "synonyms": [
        "coochie"
      ]
    },
    {
      "value": "coochy",
      "synonyms": [
        "coochy"
      ]
    },
    {
      "value": "cooter",
      "synonyms": [
        "cooter"
      ]
    },
    {
      "value": "cum bubble",
      "synonyms": [
        "cum bubble"
      ]
    },
    {
      "value": "cum dumpster",
      "synonyms": [
        "cum dumpster"
      ]
    },
    {
      "value": "cum guzzler",
      "synonyms": [
        "cum guzzler"
      ]
    },
    {
      "value": "cum jockey",
      "synonyms": [
        "cum jockey"
      ]
    },
    {
      "value": "cum tart",
      "synonyms": [
        "cum tart"
      ]
    },
    {
      "value": "cumbubble",
      "synonyms": [
        "cumbubble"
      ]
    },
    {
      "value": "cum-bubble",
      "synonyms": [
        "cum-bubble"
      ]
    },
    {
      "value": "cumdumpster",
      "synonyms": [
        "cumdumpster"
      ]
    },
    {
      "value": "cum-dumpster",
      "synonyms": [
        "cum-dumpster"
      ]
    },
    {
      "value": "cumguzzler",
      "synonyms": [
        "cumguzzler"
      ]
    },
    {
      "value": "cum-guzzler",
      "synonyms": [
        "cum-guzzler"
      ]
    },
    {
      "value": "cumjockey",
      "synonyms": [
        "cumjockey"
      ]
    },
    {
      "value": "cum-jockey",
      "synonyms": [
        "cum-jockey"
      ]
    },
    {
      "value": "cums lut",
      "synonyms": [
        "cums lut"
      ]
    },
    {
      "value": "cumslut",
      "synonyms": [
        "cumslut"
      ]
    },
    {
      "value": "cums-lut",
      "synonyms": [
        "cums-lut"
      ]
    },
    {
      "value": "cumtart",
      "synonyms": [
        "cumtart"
      ]
    },
    {
      "value": "cum-tart",
      "synonyms": [
        "cum-tart"
      ]
    },
    {
      "value": "cunn1e",
      "synonyms": [
        "cunn1e"
      ]
    },
    {
      "value": "cunn1l1ngus",
      "synonyms": [
        "cunn1l1ngus"
      ]
    },
    {
      "value": "cunnie",
      "synonyms": [
        "cunnie"
      ]
    },
    {
      "value": "cunnilingus",
      "synonyms": [
        "cunnilingus"
      ]
    },
    {
      "value": "cunt face",
      "synonyms": [
        "cunt face"
      ]
    },
    {
      "value": "cunt hole",
      "synonyms": [
        "cunt hole"
      ]
    },
    {
      "value": "cunt l1cker",
      "synonyms": [
        "cunt l1cker"
      ]
    },
    {
      "value": "cunt licker",
      "synonyms": [
        "cunt licker"
      ]
    },
    {
      "value": "cunt rag",
      "synonyms": [
        "cunt rag"
      ]
    },
    {
      "value": "cunt slut",
      "synonyms": [
        "cunt slut"
      ]
    },
    {
      "value": "cunt",
      "synonyms": [
        "cunt"
      ]
    },
    {
      "value": "cuntface",
      "synonyms": [
        "cuntface"
      ]
    },
    {
      "value": "cunt-face",
      "synonyms": [
        "cunt-face"
      ]
    },
    {
      "value": "cunthole",
      "synonyms": [
        "cunthole"
      ]
    },
    {
      "value": "cunt-hole",
      "synonyms": [
        "cunt-hole"
      ]
    },
    {
      "value": "cuntl1cker",
      "synonyms": [
        "cuntl1cker"
      ]
    },
    {
      "value": "cunt-l1cker",
      "synonyms": [
        "cunt-l1cker"
      ]
    },
    {
      "value": "cuntlicker",
      "synonyms": [
        "cuntlicker"
      ]
    },
    {
      "value": "cunt-licker",
      "synonyms": [
        "cunt-licker"
      ]
    },
    {
      "value": "cuntrag",
      "synonyms": [
        "cuntrag"
      ]
    },
    {
      "value": "cunt-rag",
      "synonyms": [
        "cunt-rag"
      ]
    },
    {
      "value": "cunts lut",
      "synonyms": [
        "cunts lut"
      ]
    },
    {
      "value": "cunts",
      "synonyms": [
        "cunts"
      ]
    },
    {
      "value": "cuntslut",
      "synonyms": [
        "cuntslut"
      ]
    },
    {
      "value": "cunt-slut",
      "synonyms": [
        "cunt-slut"
      ]
    },
    {
      "value": "cunts-lut",
      "synonyms": [
        "cunts-lut"
      ]
    },
    {
      "value": "d i c k",
      "synonyms": [
        "d i c k"
      ]
    },
    {
      "value": "d_i_c_k",
      "synonyms": [
        "d_i_c_k"
      ]
    },
    {
      "value": "d1ck bag",
      "synonyms": [
        "d1ck bag"
      ]
    },
    {
      "value": "d1ck face",
      "synonyms": [
        "d1ck face"
      ]
    },
    {
      "value": "d1ck fuck",
      "synonyms": [
        "d1ck fuck"
      ]
    },
    {
      "value": "d1ck fucker",
      "synonyms": [
        "d1ck fucker"
      ]
    },
    {
      "value": "d1ck head",
      "synonyms": [
        "d1ck head"
      ]
    },
    {
      "value": "d1ck hole",
      "synonyms": [
        "d1ck hole"
      ]
    },
    {
      "value": "d1ck ju1ce",
      "synonyms": [
        "d1ck ju1ce"
      ]
    },
    {
      "value": "d1ck m1lk",
      "synonyms": [
        "d1ck m1lk"
      ]
    },
    {
      "value": "d1ck monger",
      "synonyms": [
        "d1ck monger"
      ]
    },
    {
      "value": "d1ck sucker",
      "synonyms": [
        "d1ck sucker"
      ]
    },
    {
      "value": "d1ck wad",
      "synonyms": [
        "d1ck wad"
      ]
    },
    {
      "value": "d1ck weasel",
      "synonyms": [
        "d1ck weasel"
      ]
    },
    {
      "value": "d1ck weed",
      "synonyms": [
        "d1ck weed"
      ]
    },
    {
      "value": "d1ck wod",
      "synonyms": [
        "d1ck wod"
      ]
    },
    {
      "value": "d1ck",
      "synonyms": [
        "d1ck"
      ]
    },
    {
      "value": "d1ckbag",
      "synonyms": [
        "d1ckbag"
      ]
    },
    {
      "value": "d1ck-bag",
      "synonyms": [
        "d1ck-bag"
      ]
    },
    {
      "value": "d1ckbeaters",
      "synonyms": [
        "d1ckbeaters"
      ]
    },
    {
      "value": "d1ckface",
      "synonyms": [
        "d1ckface"
      ]
    },
    {
      "value": "d1ck-face",
      "synonyms": [
        "d1ck-face"
      ]
    },
    {
      "value": "d1ckfuck",
      "synonyms": [
        "d1ckfuck"
      ]
    },
    {
      "value": "d1ck-fuck",
      "synonyms": [
        "d1ck-fuck"
      ]
    },
    {
      "value": "d1ckfucker",
      "synonyms": [
        "d1ckfucker"
      ]
    },
    {
      "value": "d1ck-fucker",
      "synonyms": [
        "d1ck-fucker"
      ]
    },
    {
      "value": "d1ckhead",
      "synonyms": [
        "d1ckhead"
      ]
    },
    {
      "value": "d1ck-head",
      "synonyms": [
        "d1ck-head"
      ]
    },
    {
      "value": "d1ckhole",
      "synonyms": [
        "d1ckhole"
      ]
    },
    {
      "value": "d1ck-hole",
      "synonyms": [
        "d1ck-hole"
      ]
    },
    {
      "value": "d1ckju1ce",
      "synonyms": [
        "d1ckju1ce"
      ]
    },
    {
      "value": "d1ck-ju1ce",
      "synonyms": [
        "d1ck-ju1ce"
      ]
    },
    {
      "value": "d1ckm1lk",
      "synonyms": [
        "d1ckm1lk"
      ]
    },
    {
      "value": "d1ck-m1lk",
      "synonyms": [
        "d1ck-m1lk"
      ]
    },
    {
      "value": "d1ckmonger",
      "synonyms": [
        "d1ckmonger"
      ]
    },
    {
      "value": "d1ck-monger",
      "synonyms": [
        "d1ck-monger"
      ]
    },
    {
      "value": "d1cks lap",
      "synonyms": [
        "d1cks lap"
      ]
    },
    {
      "value": "d1ckslap",
      "synonyms": [
        "d1ckslap"
      ]
    },
    {
      "value": "d1cks-lap",
      "synonyms": [
        "d1cks-lap"
      ]
    },
    {
      "value": "d1cksucker",
      "synonyms": [
        "d1cksucker"
      ]
    },
    {
      "value": "d1ck-sucker",
      "synonyms": [
        "d1ck-sucker"
      ]
    },
    {
      "value": "d1ckwad",
      "synonyms": [
        "d1ckwad"
      ]
    },
    {
      "value": "d1ck-wad",
      "synonyms": [
        "d1ck-wad"
      ]
    },
    {
      "value": "d1ckweasel",
      "synonyms": [
        "d1ckweasel"
      ]
    },
    {
      "value": "d1ck-weasel",
      "synonyms": [
        "d1ck-weasel"
      ]
    },
    {
      "value": "d1ckweed",
      "synonyms": [
        "d1ckweed"
      ]
    },
    {
      "value": "d1ck-weed",
      "synonyms": [
        "d1ck-weed"
      ]
    },
    {
      "value": "d1ckwod",
      "synonyms": [
        "d1ckwod"
      ]
    },
    {
      "value": "d1ck-wod",
      "synonyms": [
        "d1ck-wod"
      ]
    },
    {
      "value": "d1ldo",
      "synonyms": [
        "d1ldo"
      ]
    },
    {
      "value": "d1p sh1t",
      "synonyms": [
        "d1p sh1t"
      ]
    },
    {
      "value": "d1psh1t",
      "synonyms": [
        "d1psh1t"
      ]
    },
    {
      "value": "d1p-sh1t",
      "synonyms": [
        "d1p-sh1t"
      ]
    },
    {
      "value": "dick bag",
      "synonyms": [
        "dick bag"
      ]
    },
    {
      "value": "dick cheese",
      "synonyms": [
        "dick cheese"
      ]
    },
    {
      "value": "dick face",
      "synonyms": [
        "dick face"
      ]
    },
    {
      "value": "dick fuck",
      "synonyms": [
        "dick fuck"
      ]
    },
    {
      "value": "dick fucker",
      "synonyms": [
        "dick fucker"
      ]
    },
    {
      "value": "dick head",
      "synonyms": [
        "dick head"
      ]
    },
    {
      "value": "dick hole",
      "synonyms": [
        "dick hole"
      ]
    },
    {
      "value": "dick juice",
      "synonyms": [
        "dick juice"
      ]
    },
    {
      "value": "dick less",
      "synonyms": [
        "dick less"
      ]
    },
    {
      "value": "dick lick",
      "synonyms": [
        "dick lick"
      ]
    },
    {
      "value": "dick milk",
      "synonyms": [
        "dick milk"
      ]
    },
    {
      "value": "dick monger",
      "synonyms": [
        "dick monger"
      ]
    },
    {
      "value": "dick suck",
      "synonyms": [
        "dick suck"
      ]
    },
    {
      "value": "dick sucker",
      "synonyms": [
        "dick sucker"
      ]
    },
    {
      "value": "dick wad",
      "synonyms": [
        "dick wad"
      ]
    },
    {
      "value": "dick weasel",
      "synonyms": [
        "dick weasel"
      ]
    },
    {
      "value": "dick weed",
      "synonyms": [
        "dick weed"
      ]
    },
    {
      "value": "dick wod",
      "synonyms": [
        "dick wod"
      ]
    },
    {
      "value": "dickbag",
      "synonyms": [
        "dickbag"
      ]
    },
    {
      "value": "dick-bag",
      "synonyms": [
        "dick-bag"
      ]
    },
    {
      "value": "dickbeaters",
      "synonyms": [
        "dickbeaters"
      ]
    },
    {
      "value": "dickcheese",
      "synonyms": [
        "dickcheese"
      ]
    },
    {
      "value": "dick-cheese",
      "synonyms": [
        "dick-cheese"
      ]
    },
    {
      "value": "dickface",
      "synonyms": [
        "dickface"
      ]
    },
    {
      "value": "dick-face",
      "synonyms": [
        "dick-face"
      ]
    },
    {
      "value": "dickfuck",
      "synonyms": [
        "dickfuck"
      ]
    },
    {
      "value": "dick-fuck",
      "synonyms": [
        "dick-fuck"
      ]
    },
    {
      "value": "dickfucker",
      "synonyms": [
        "dickfucker"
      ]
    },
    {
      "value": "dick-fucker",
      "synonyms": [
        "dick-fucker"
      ]
    },
    {
      "value": "dickhead",
      "synonyms": [
        "dickhead"
      ]
    },
    {
      "value": "dick-head",
      "synonyms": [
        "dick-head"
      ]
    },
    {
      "value": "dickhole",
      "synonyms": [
        "dickhole"
      ]
    },
    {
      "value": "dick-hole",
      "synonyms": [
        "dick-hole"
      ]
    },
    {
      "value": "dickjuice",
      "synonyms": [
        "dickjuice"
      ]
    },
    {
      "value": "Dickjuice",
      "synonyms": [
        "Dickjuice"
      ]
    },
    {
      "value": "dick-juice",
      "synonyms": [
        "dick-juice"
      ]
    },
    {
      "value": "Dick-juice",
      "synonyms": [
        "Dick-juice"
      ]
    },
    {
      "value": "dickless",
      "synonyms": [
        "dickless"
      ]
    },
    {
      "value": "dick-less",
      "synonyms": [
        "dick-less"
      ]
    },
    {
      "value": "dicklick",
      "synonyms": [
        "dicklick"
      ]
    },
    {
      "value": "dick-lick",
      "synonyms": [
        "dick-lick"
      ]
    },
    {
      "value": "dickmilk",
      "synonyms": [
        "dickmilk"
      ]
    },
    {
      "value": "dick-milk",
      "synonyms": [
        "dick-milk"
      ]
    },
    {
      "value": "dickmonger",
      "synonyms": [
        "dickmonger"
      ]
    },
    {
      "value": "dick-monger",
      "synonyms": [
        "dick-monger"
      ]
    },
    {
      "value": "dicks lap",
      "synonyms": [
        "dicks lap"
      ]
    },
    {
      "value": "dickslap",
      "synonyms": [
        "dickslap"
      ]
    },
    {
      "value": "dicks-lap",
      "synonyms": [
        "dicks-lap"
      ]
    },
    {
      "value": "dicksuck",
      "synonyms": [
        "dicksuck"
      ]
    },
    {
      "value": "dick-suck",
      "synonyms": [
        "dick-suck"
      ]
    },
    {
      "value": "dicksucker",
      "synonyms": [
        "dicksucker"
      ]
    },
    {
      "value": "dick-sucker",
      "synonyms": [
        "dick-sucker"
      ]
    },
    {
      "value": "dickwad",
      "synonyms": [
        "dickwad"
      ]
    },
    {
      "value": "dick-wad",
      "synonyms": [
        "dick-wad"
      ]
    },
    {
      "value": "dickweasel",
      "synonyms": [
        "dickweasel"
      ]
    },
    {
      "value": "dick-weasel",
      "synonyms": [
        "dick-weasel"
      ]
    },
    {
      "value": "dickweed",
      "synonyms": [
        "dickweed"
      ]
    },
    {
      "value": "dick-weed",
      "synonyms": [
        "dick-weed"
      ]
    },
    {
      "value": "dickwod",
      "synonyms": [
        "dickwod"
      ]
    },
    {
      "value": "dick-wod",
      "synonyms": [
        "dick-wod"
      ]
    },
    {
      "value": "dildo",
      "synonyms": [
        "dildo"
      ]
    },
    {
      "value": "dip shit",
      "synonyms": [
        "dip shit"
      ]
    },
    {
      "value": "dipshit",
      "synonyms": [
        "dipshit"
      ]
    },
    {
      "value": "dip-shit",
      "synonyms": [
        "dip-shit"
      ]
    },
    {
      "value": "dook1e",
      "synonyms": [
        "dook1e"
      ]
    },
    {
      "value": "dookie",
      "synonyms": [
        "dookie"
      ]
    },
    {
      "value": "douche bag",
      "synonyms": [
        "douche bag"
      ]
    },
    {
      "value": "douche waffle",
      "synonyms": [
        "douche waffle"
      ]
    },
    {
      "value": "douche",
      "synonyms": [
        "douche"
      ]
    },
    {
      "value": "douchebag",
      "synonyms": [
        "douchebag"
      ]
    },
    {
      "value": "douche-fag",
      "synonyms": [
        "douche-fag"
      ]
    },
    {
      "value": "douchewaffle",
      "synonyms": [
        "douchewaffle"
      ]
    },
    {
      "value": "douche-waffle",
      "synonyms": [
        "douche-waffle"
      ]
    },
    {
      "value": "dtf",
      "synonyms": [
        "dtf"
      ]
    },
    {
      "value": "dtfen1",
      "synonyms": [
        "dtfen1"
      ]
    },
    {
      "value": "dum arse",
      "synonyms": [
        "dum arse"
      ]
    },
    {
      "value": "dum ass",
      "synonyms": [
        "dum ass"
      ]
    },
    {
      "value": "dum sh1t",
      "synonyms": [
        "dum sh1t"
      ]
    },
    {
      "value": "dumarse",
      "synonyms": [
        "dumarse"
      ]
    },
    {
      "value": "dum-arse",
      "synonyms": [
        "dum-arse"
      ]
    },
    {
      "value": "dumass",
      "synonyms": [
        "dumass"
      ]
    },
    {
      "value": "dum-ass",
      "synonyms": [
        "dum-ass"
      ]
    },
    {
      "value": "dumb arse",
      "synonyms": [
        "dumb arse"
      ]
    },
    {
      "value": "dumb ass",
      "synonyms": [
        "dumb ass"
      ]
    },
    {
      "value": "dumb fuck",
      "synonyms": [
        "dumb fuck"
      ]
    },
    {
      "value": "dumb sh1t",
      "synonyms": [
        "dumb sh1t"
      ]
    },
    {
      "value": "dumb shit",
      "synonyms": [
        "dumb shit"
      ]
    },
    {
      "value": "dumbarse",
      "synonyms": [
        "dumbarse"
      ]
    },
    {
      "value": "dumb-arse",
      "synonyms": [
        "dumb-arse"
      ]
    },
    {
      "value": "dumbass",
      "synonyms": [
        "dumbass"
      ]
    },
    {
      "value": "dumb-ass",
      "synonyms": [
        "dumb-ass"
      ]
    },
    {
      "value": "dumbfuck",
      "synonyms": [
        "dumbfuck"
      ]
    },
    {
      "value": "dumb-fuck",
      "synonyms": [
        "dumb-fuck"
      ]
    },
    {
      "value": "dumbsh1t",
      "synonyms": [
        "dumbsh1t"
      ]
    },
    {
      "value": "dumb-sh1t",
      "synonyms": [
        "dumb-sh1t"
      ]
    },
    {
      "value": "dumbshit",
      "synonyms": [
        "dumbshit"
      ]
    },
    {
      "value": "dumb-shit",
      "synonyms": [
        "dumb-shit"
      ]
    },
    {
      "value": "dumsh1t",
      "synonyms": [
        "dumsh1t"
      ]
    },
    {
      "value": "dum-sh1t",
      "synonyms": [
        "dum-sh1t"
      ]
    },
    {
      "value": "dumshit",
      "synonyms": [
        "dumshit"
      ]
    },
    {
      "value": "dum-shit",
      "synonyms": [
        "dum-shit"
      ]
    },
    {
      "value": "eff all",
      "synonyms": [
        "eff all"
      ]
    },
    {
      "value": "eff off",
      "synonyms": [
        "eff off"
      ]
    },
    {
      "value": "F off",
      "synonyms": [
        "F off"
      ]
    },
    {
      "value": "f u c k",
      "synonyms": [
        "f u c k"
      ]
    },
    {
      "value": "f u",
      "synonyms": [
        "f u"
      ]
    },
    {
      "value": "f_u_c_k",
      "synonyms": [
        "f_u_c_k"
      ]
    },
    {
      "value": "f1ck",
      "synonyms": [
        "f1ck"
      ]
    },
    {
      "value": "f1ck1n",
      "synonyms": [
        "f1ck1n"
      ]
    },
    {
      "value": "fack of",
      "synonyms": [
        "fack of"
      ]
    },
    {
      "value": "fack off",
      "synonyms": [
        "fack off"
      ]
    },
    {
      "value": "fag bag",
      "synonyms": [
        "fag bag"
      ]
    },
    {
      "value": "fag fucker",
      "synonyms": [
        "fag fucker"
      ]
    },
    {
      "value": "fag",
      "synonyms": [
        "fag"
      ]
    },
    {
      "value": "fagbag",
      "synonyms": [
        "fagbag"
      ]
    },
    {
      "value": "fag-bag",
      "synonyms": [
        "fag-bag"
      ]
    },
    {
      "value": "fagfucker",
      "synonyms": [
        "fagfucker"
      ]
    },
    {
      "value": "fag-fucker",
      "synonyms": [
        "fag-fucker"
      ]
    },
    {
      "value": "fagg1t",
      "synonyms": [
        "fagg1t"
      ]
    },
    {
      "value": "faggit",
      "synonyms": [
        "faggit"
      ]
    },
    {
      "value": "faggot cock",
      "synonyms": [
        "faggot cock"
      ]
    },
    {
      "value": "faggotcock",
      "synonyms": [
        "faggotcock"
      ]
    },
    {
      "value": "faggot-cock",
      "synonyms": [
        "faggot-cock"
      ]
    },
    {
      "value": "fagt ard",
      "synonyms": [
        "fagt ard"
      ]
    },
    {
      "value": "fagtard",
      "synonyms": [
        "fagtard"
      ]
    },
    {
      "value": "fagt-ard",
      "synonyms": [
        "fagt-ard"
      ]
    },
    {
      "value": "fark",
      "synonyms": [
        "fark"
      ]
    },
    {
      "value": "fat arse",
      "synonyms": [
        "fat arse"
      ]
    },
    {
      "value": "fat ass",
      "synonyms": [
        "fat ass"
      ]
    },
    {
      "value": "fatarse",
      "synonyms": [
        "fatarse"
      ]
    },
    {
      "value": "fat-arse",
      "synonyms": [
        "fat-arse"
      ]
    },
    {
      "value": "fatass",
      "synonyms": [
        "fatass"
      ]
    },
    {
      "value": "fat-ass",
      "synonyms": [
        "fat-ass"
      ]
    },
    {
      "value": "fck child",
      "synonyms": [
        "fck child"
      ]
    },
    {
      "value": "fck_u",
      "synonyms": [
        "fck_u"
      ]
    },
    {
      "value": "fckchild",
      "synonyms": [
        "fckchild"
      ]
    },
    {
      "value": "fck-child",
      "synonyms": [
        "fck-child"
      ]
    },
    {
      "value": "fcku",
      "synonyms": [
        "fcku"
      ]
    },
    {
      "value": "feck",
      "synonyms": [
        "feck"
      ]
    },
    {
      "value": "feck1n",
      "synonyms": [
        "feck1n"
      ]
    },
    {
      "value": "feckin",
      "synonyms": [
        "feckin"
      ]
    },
    {
      "value": "fellat1o",
      "synonyms": [
        "fellat1o"
      ]
    },
    {
      "value": "fellatio",
      "synonyms": [
        "fellatio"
      ]
    },
    {
      "value": "feltch",
      "synonyms": [
        "feltch"
      ]
    },
    {
      "value": "fick",
      "synonyms": [
        "fick"
      ]
    },
    {
      "value": "fickin",
      "synonyms": [
        "fickin"
      ]
    },
    {
      "value": "fist fuck",
      "synonyms": [
        "fist fuck"
      ]
    },
    {
      "value": "fistfuck",
      "synonyms": [
        "fistfuck"
      ]
    },
    {
      "value": "fist-fuck",
      "synonyms": [
        "fist-fuck"
      ]
    },
    {
      "value": "fk u",
      "synonyms": [
        "fk u"
      ]
    },
    {
      "value": "flamer",
      "synonyms": [
        "flamer"
      ]
    },
    {
      "value": "fml",
      "synonyms": [
        "fml"
      ]
    },
    {
      "value": "foak",
      "synonyms": [
        "foak"
      ]
    },
    {
      "value": "foak1n",
      "synonyms": [
        "foak1n"
      ]
    },
    {
      "value": "foakin",
      "synonyms": [
        "foakin"
      ]
    },
    {
      "value": "fol",
      "synonyms": [
        "fol"
      ]
    },
    {
      "value": "FTMFW",
      "synonyms": [
        "FTMFW"
      ]
    },
    {
      "value": "fuck a duck",
      "synonyms": [
        "fuck a duck"
      ]
    },
    {
      "value": "fuck arse",
      "synonyms": [
        "fuck arse"
      ]
    },
    {
      "value": "fuck ass",
      "synonyms": [
        "fuck ass"
      ]
    },
    {
      "value": "fuck bag",
      "synonyms": [
        "fuck bag"
      ]
    },
    {
      "value": "fuck boy",
      "synonyms": [
        "fuck boy"
      ]
    },
    {
      "value": "fuck bra1n",
      "synonyms": [
        "fuck bra1n"
      ]
    },
    {
      "value": "fuck brain",
      "synonyms": [
        "fuck brain"
      ]
    },
    {
      "value": "fuck butt",
      "synonyms": [
        "fuck butt"
      ]
    },
    {
      "value": "fuck face",
      "synonyms": [
        "fuck face"
      ]
    },
    {
      "value": "fuck head",
      "synonyms": [
        "fuck head"
      ]
    },
    {
      "value": "fuck hole",
      "synonyms": [
        "fuck hole"
      ]
    },
    {
      "value": "fuck nut",
      "synonyms": [
        "fuck nut"
      ]
    },
    {
      "value": "fuck nutt",
      "synonyms": [
        "fuck nutt"
      ]
    },
    {
      "value": "fuck off",
      "synonyms": [
        "fuck off"
      ]
    },
    {
      "value": "fuck st1ck",
      "synonyms": [
        "fuck st1ck"
      ]
    },
    {
      "value": "fuck stick",
      "synonyms": [
        "fuck stick"
      ]
    },
    {
      "value": "fuck tard",
      "synonyms": [
        "fuck tard"
      ]
    },
    {
      "value": "fuck up",
      "synonyms": [
        "fuck up"
      ]
    },
    {
      "value": "fuck w1t",
      "synonyms": [
        "fuck w1t"
      ]
    },
    {
      "value": "fuck wad",
      "synonyms": [
        "fuck wad"
      ]
    },
    {
      "value": "fuck wit",
      "synonyms": [
        "fuck wit"
      ]
    },
    {
      "value": "fuck",
      "synonyms": [
        "fuck"
      ]
    },
    {
      "value": "f you",
      "synonyms": [
        "f you"
      ]
    },
    {
      "value": "so fuck",
      "synonyms": [
        "so fuck"
      ]
    },
    {
      "value": "f ck",
      "synonyms": [
        "f ck"
      ]
    },
    {
      "value": "f cking",
      "synonyms": [
        "f cking"
      ]
    },
    {
      "value": "fuck1n",
      "synonyms": [
        "fuck1n"
      ]
    },
    {
      "value": "fuck1ng hell",
      "synonyms": [
        "fuck1ng hell"
      ]
    },
    {
      "value": "fuck1ty",
      "synonyms": [
        "fuck1ty"
      ]
    },
    {
      "value": "fuckable",
      "synonyms": [
        "fuckable"
      ]
    },
    {
      "value": "fuckadoodledoo",
      "synonyms": [
        "fuckadoodledoo"
      ]
    },
    {
      "value": "fuck-a-doodle-doo",
      "synonyms": [
        "fuck-a-doodle-doo"
      ]
    },
    {
      "value": "fuckaduck",
      "synonyms": [
        "fuckaduck"
      ]
    },
    {
      "value": "fuck-a-duck",
      "synonyms": [
        "fuck-a-duck"
      ]
    },
    {
      "value": "fuckarse",
      "synonyms": [
        "fuckarse"
      ]
    },
    {
      "value": "fuck-arse",
      "synonyms": [
        "fuck-arse"
      ]
    },
    {
      "value": "fuckass",
      "synonyms": [
        "fuckass"
      ]
    },
    {
      "value": "fuck-ass",
      "synonyms": [
        "fuck-ass"
      ]
    },
    {
      "value": "fuckbag",
      "synonyms": [
        "fuckbag"
      ]
    },
    {
      "value": "fuck-bag",
      "synonyms": [
        "fuck-bag"
      ]
    },
    {
      "value": "fuckboy",
      "synonyms": [
        "fuckboy"
      ]
    },
    {
      "value": "fuck-boy",
      "synonyms": [
        "fuck-boy"
      ]
    },
    {
      "value": "fuckbra1n",
      "synonyms": [
        "fuckbra1n"
      ]
    },
    {
      "value": "fuck-bra1n",
      "synonyms": [
        "fuck-bra1n"
      ]
    },
    {
      "value": "fuckbrain",
      "synonyms": [
        "fuckbrain"
      ]
    },
    {
      "value": "fuck-brain",
      "synonyms": [
        "fuck-brain"
      ]
    },
    {
      "value": "fuckbutt",
      "synonyms": [
        "fuckbutt"
      ]
    },
    {
      "value": "fuck-butt",
      "synonyms": [
        "fuck-butt"
      ]
    },
    {
      "value": "fucked up",
      "synonyms": [
        "fucked up"
      ]
    },
    {
      "value": "fucked",
      "synonyms": [
        "fucked"
      ]
    },
    {
      "value": "fuckedup",
      "synonyms": [
        "fuckedup"
      ]
    },
    {
      "value": "fucked-up",
      "synonyms": [
        "fucked-up"
      ]
    },
    {
      "value": "fuckee",
      "synonyms": [
        "fuckee"
      ]
    },
    {
      "value": "fucker sucker",
      "synonyms": [
        "fucker sucker"
      ]
    },
    {
      "value": "fucker",
      "synonyms": [
        "fucker"
      ]
    },
    {
      "value": "fuckersucker",
      "synonyms": [
        "fuckersucker"
      ]
    },
    {
      "value": "fucker-sucker",
      "synonyms": [
        "fucker-sucker"
      ]
    },
    {
      "value": "fuckface",
      "synonyms": [
        "fuckface"
      ]
    },
    {
      "value": "fuck-face",
      "synonyms": [
        "fuck-face"
      ]
    },
    {
      "value": "fuckhead",
      "synonyms": [
        "fuckhead"
      ]
    },
    {
      "value": "fuck-head",
      "synonyms": [
        "fuck-head"
      ]
    },
    {
      "value": "fuckhole",
      "synonyms": [
        "fuckhole"
      ]
    },
    {
      "value": "fuck-hole",
      "synonyms": [
        "fuck-hole"
      ]
    },
    {
      "value": "fuckin",
      "synonyms": [
        "fuckin"
      ]
    },
    {
      "value": "fucking hell",
      "synonyms": [
        "fucking hell"
      ]
    },
    {
      "value": "fucking",
      "synonyms": [
        "fucking"
      ]
    },
    {
      "value": "fuckity",
      "synonyms": [
        "fuckity"
      ]
    },
    {
      "value": "fucknut",
      "synonyms": [
        "fucknut"
      ]
    },
    {
      "value": "fuck-nut",
      "synonyms": [
        "fuck-nut"
      ]
    },
    {
      "value": "fucknutt",
      "synonyms": [
        "fucknutt"
      ]
    },
    {
      "value": "fuck-nutt",
      "synonyms": [
        "fuck-nutt"
      ]
    },
    {
      "value": "fuckoff",
      "synonyms": [
        "fuckoff"
      ]
    },
    {
      "value": "fuck-off",
      "synonyms": [
        "fuck-off"
      ]
    },
    {
      "value": "fucks",
      "synonyms": [
        "fucks"
      ]
    },
    {
      "value": "fuckst1ck",
      "synonyms": [
        "fuckst1ck"
      ]
    },
    {
      "value": "fuck-st1ck",
      "synonyms": [
        "fuck-st1ck"
      ]
    },
    {
      "value": "fuckstick",
      "synonyms": [
        "fuckstick"
      ]
    },
    {
      "value": "fuck-stick",
      "synonyms": [
        "fuck-stick"
      ]
    },
    {
      "value": "fucktard",
      "synonyms": [
        "fucktard"
      ]
    },
    {
      "value": "fuck-tard",
      "synonyms": [
        "fuck-tard"
      ]
    },
    {
      "value": "fuckup",
      "synonyms": [
        "fuckup"
      ]
    },
    {
      "value": "fuck-up",
      "synonyms": [
        "fuck-up"
      ]
    },
    {
      "value": "fuckw1t",
      "synonyms": [
        "fuckw1t"
      ]
    },
    {
      "value": "fuck-w1t",
      "synonyms": [
        "fuck-w1t"
      ]
    },
    {
      "value": "fuckw1tt",
      "synonyms": [
        "fuckw1tt"
      ]
    },
    {
      "value": "fuckwad",
      "synonyms": [
        "fuckwad"
      ]
    },
    {
      "value": "fuck-wad",
      "synonyms": [
        "fuck-wad"
      ]
    },
    {
      "value": "fuckwit",
      "synonyms": [
        "fuckwit"
      ]
    },
    {
      "value": "fuck-wit",
      "synonyms": [
        "fuck-wit"
      ]
    },
    {
      "value": "fuckwitt",
      "synonyms": [
        "fuckwitt"
      ]
    },
    {
      "value": "fuddle duddle",
      "synonyms": [
        "fuddle duddle"
      ]
    },
    {
      "value": "fuddleduddle",
      "synonyms": [
        "fuddleduddle"
      ]
    },
    {
      "value": "fuddle-duddle",
      "synonyms": [
        "fuddle-duddle"
      ]
    },
    {
      "value": "fudge packer",
      "synonyms": [
        "fudge packer"
      ]
    },
    {
      "value": "fudgepacker",
      "synonyms": [
        "fudgepacker"
      ]
    },
    {
      "value": "fudge-packer",
      "synonyms": [
        "fudge-packer"
      ]
    },
    {
      "value": "fuk child",
      "synonyms": [
        "fuk child"
      ]
    },
    {
      "value": "fuk me",
      "synonyms": [
        "fuk me"
      ]
    },
    {
      "value": "fukchild",
      "synonyms": [
        "fukchild"
      ]
    },
    {
      "value": "fuk-child",
      "synonyms": [
        "fuk-child"
      ]
    },
    {
      "value": "fukme",
      "synonyms": [
        "fukme"
      ]
    },
    {
      "value": "fuk-me",
      "synonyms": [
        "fuk-me"
      ]
    },
    {
      "value": "fukyou",
      "synonyms": [
        "fukyou"
      ]
    },
    {
      "value": "g1sm",
      "synonyms": [
        "g1sm"
      ]
    },
    {
      "value": "g1sm1n",
      "synonyms": [
        "g1sm1n"
      ]
    },
    {
      "value": "gay arse",
      "synonyms": [
        "gay arse"
      ]
    },
    {
      "value": "gay ass",
      "synonyms": [
        "gay ass"
      ]
    },
    {
      "value": "gay bob",
      "synonyms": [
        "gay bob"
      ]
    },
    {
      "value": "gayarse",
      "synonyms": [
        "gayarse"
      ]
    },
    {
      "value": "gay-arse",
      "synonyms": [
        "gay-arse"
      ]
    },
    {
      "value": "gayass",
      "synonyms": [
        "gayass"
      ]
    },
    {
      "value": "gay-ass",
      "synonyms": [
        "gay-ass"
      ]
    },
    {
      "value": "gaybob",
      "synonyms": [
        "gaybob"
      ]
    },
    {
      "value": "gay-bob",
      "synonyms": [
        "gay-bob"
      ]
    },
    {
      "value": "gaydo",
      "synonyms": [
        "gaydo"
      ]
    },
    {
      "value": "gism",
      "synonyms": [
        "gism"
      ]
    },
    {
      "value": "gismin",
      "synonyms": [
        "gismin"
      ]
    },
    {
      "value": "god damn 1t",
      "synonyms": [
        "god damn 1t"
      ]
    },
    {
      "value": "god damn it",
      "synonyms": [
        "god damn it"
      ]
    },
    {
      "value": "goddamn",
      "synonyms": [
        "goddamn"
      ]
    },
    {
      "value": "goddamn1t",
      "synonyms": [
        "goddamn1t"
      ]
    },
    {
      "value": "god-damn-1t",
      "synonyms": [
        "god-damn-1t"
      ]
    },
    {
      "value": "goddamnit",
      "synonyms": [
        "goddamnit"
      ]
    },
    {
      "value": "god-damn-it",
      "synonyms": [
        "god-damn-it"
      ]
    },
    {
      "value": "gooch",
      "synonyms": [
        "gooch"
      ]
    },
    {
      "value": "gook",
      "synonyms": [
        "gook"
      ]
    },
    {
      "value": "gr1ngo",
      "synonyms": [
        "gr1ngo"
      ]
    },
    {
      "value": "gringo",
      "synonyms": [
        "gringo"
      ]
    },
    {
      "value": "gu1do",
      "synonyms": [
        "gu1do"
      ]
    },
    {
      "value": "guido",
      "synonyms": [
        "guido"
      ]
    },
    {
      "value": "h1s butt",
      "synonyms": [
        "h1s butt"
      ]
    },
    {
      "value": "hand job",
      "synonyms": [
        "hand job"
      ]
    },
    {
      "value": "handjob",
      "synonyms": [
        "handjob"
      ]
    },
    {
      "value": "hand-job",
      "synonyms": [
        "hand-job"
      ]
    },
    {
      "value": "hard on",
      "synonyms": [
        "hard on"
      ]
    },
    {
      "value": "hard-on",
      "synonyms": [
        "hard-on"
      ]
    },
    {
      "value": "heeb",
      "synonyms": [
        "heeb"
      ]
    },
    {
      "value": "her butt",
      "synonyms": [
        "her butt"
      ]
    },
    {
      "value": "his butt",
      "synonyms": [
        "his butt"
      ]
    },
    {
      "value": "honkey",
      "synonyms": [
        "honkey"
      ]
    },
    {
      "value": "hos",
      "synonyms": [
        "hos"
      ]
    },
    {
      "value": "in fuckin credible",
      "synonyms": [
        "in fuckin credible"
      ]
    },
    {
      "value": "in fucking credible",
      "synonyms": [
        "in fucking credible"
      ]
    },
    {
      "value": "infuckincredible",
      "synonyms": [
        "infuckincredible"
      ]
    },
    {
      "value": "in-fuckin-credible",
      "synonyms": [
        "in-fuckin-credible"
      ]
    },
    {
      "value": "infuckingcredible",
      "synonyms": [
        "infuckingcredible"
      ]
    },
    {
      "value": "in-fucking-credible",
      "synonyms": [
        "in-fucking-credible"
      ]
    },
    {
      "value": "j1sm",
      "synonyms": [
        "j1sm"
      ]
    },
    {
      "value": "j1sm1n",
      "synonyms": [
        "j1sm1n"
      ]
    },
    {
      "value": "j1zz",
      "synonyms": [
        "j1zz"
      ]
    },
    {
      "value": "j1zz1n",
      "synonyms": [
        "j1zz1n"
      ]
    },
    {
      "value": "jack arse",
      "synonyms": [
        "jack arse"
      ]
    },
    {
      "value": "jack ass",
      "synonyms": [
        "jack ass"
      ]
    },
    {
      "value": "jackarse",
      "synonyms": [
        "jackarse"
      ]
    },
    {
      "value": "jack-arse",
      "synonyms": [
        "jack-arse"
      ]
    },
    {
      "value": "jackass",
      "synonyms": [
        "jackass"
      ]
    },
    {
      "value": "jack-ass",
      "synonyms": [
        "jack-ass"
      ]
    },
    {
      "value": "jap",
      "synonyms": [
        "jap"
      ]
    },
    {
      "value": "jerk off",
      "synonyms": [
        "jerk off"
      ]
    },
    {
      "value": "jerk-off",
      "synonyms": [
        "jerk-off"
      ]
    },
    {
      "value": "jism",
      "synonyms": [
        "jism"
      ]
    },
    {
      "value": "jismin",
      "synonyms": [
        "jismin"
      ]
    },
    {
      "value": "jizz",
      "synonyms": [
        "jizz"
      ]
    },
    {
      "value": "jizzin",
      "synonyms": [
        "jizzin"
      ]
    },
    {
      "value": "jungle bunny",
      "synonyms": [
        "jungle bunny"
      ]
    },
    {
      "value": "junglebunny",
      "synonyms": [
        "junglebunny"
      ]
    },
    {
      "value": "jungle-bunny",
      "synonyms": [
        "jungle-bunny"
      ]
    },
    {
      "value": "kill-jews",
      "synonyms": [
        "kill-jews"
      ]
    },
    {
      "value": "k1ll jews",
      "synonyms": [
        "k1ll jews"
      ]
    },
    {
      "value": "k1lljews",
      "synonyms": [
        "k1lljews"
      ]
    },
    {
      "value": "k1ll-jews",
      "synonyms": [
        "k1ll-jews"
      ]
    },
    {
      "value": "kd_fck",
      "synonyms": [
        "kd_fck"
      ]
    },
    {
      "value": "kdfck",
      "synonyms": [
        "kdfck"
      ]
    },
    {
      "value": "kid fuck",
      "synonyms": [
        "kid fuck"
      ]
    },
    {
      "value": "kid fuk",
      "synonyms": [
        "kid fuk"
      ]
    },
    {
      "value": "kid rape",
      "synonyms": [
        "kid rape"
      ]
    },
    {
      "value": "kidfuck",
      "synonyms": [
        "kidfuck"
      ]
    },
    {
      "value": "kid-fuck",
      "synonyms": [
        "kid-fuck"
      ]
    },
    {
      "value": "kidfuk",
      "synonyms": [
        "kidfuk"
      ]
    },
    {
      "value": "kid-fuk",
      "synonyms": [
        "kid-fuk"
      ]
    },
    {
      "value": "kidrape",
      "synonyms": [
        "kidrape"
      ]
    },
    {
      "value": "kid-rape",
      "synonyms": [
        "kid-rape"
      ]
    },
    {
      "value": "kill jews",
      "synonyms": [
        "kill jews"
      ]
    },
    {
      "value": "killjews",
      "synonyms": [
        "killjews"
      ]
    },
    {
      "value": "Knob Cheese",
      "synonyms": [
        "Knob Cheese"
      ]
    },
    {
      "value": "KnobCheese",
      "synonyms": [
        "KnobCheese"
      ]
    },
    {
      "value": "Knob-Cheese",
      "synonyms": [
        "Knob-Cheese"
      ]
    },
    {
      "value": "kooch",
      "synonyms": [
        "kooch"
      ]
    },
    {
      "value": "kootch",
      "synonyms": [
        "kootch"
      ]
    },
    {
      "value": "kunt",
      "synonyms": [
        "kunt"
      ]
    },
    {
      "value": "m1ck",
      "synonyms": [
        "m1ck"
      ]
    },
    {
      "value": "m1nge",
      "synonyms": [
        "m1nge"
      ]
    },
    {
      "value": "mcfagget",
      "synonyms": [
        "mcfagget"
      ]
    },
    {
      "value": "minge",
      "synonyms": [
        "minge"
      ]
    },
    {
      "value": "motha fucka",
      "synonyms": [
        "motha fucka"
      ]
    },
    {
      "value": "mothafucka",
      "synonyms": [
        "mothafucka"
      ]
    },
    {
      "value": "motha-fucka",
      "synonyms": [
        "motha-fucka"
      ]
    },
    {
      "value": "mother fuck",
      "synonyms": [
        "mother fuck"
      ]
    },
    {
      "value": "mother fuck1n",
      "synonyms": [
        "mother fuck1n"
      ]
    },
    {
      "value": "mother fucker",
      "synonyms": [
        "mother fucker"
      ]
    },
    {
      "value": "mother fuckin",
      "synonyms": [
        "mother fuckin"
      ]
    },
    {
      "value": "motherfuck",
      "synonyms": [
        "motherfuck"
      ]
    },
    {
      "value": "mother-fuck",
      "synonyms": [
        "mother-fuck"
      ]
    },
    {
      "value": "motherfuck1n",
      "synonyms": [
        "motherfuck1n"
      ]
    },
    {
      "value": "mother-fuck1n",
      "synonyms": [
        "mother-fuck1n"
      ]
    },
    {
      "value": "motherfucker",
      "synonyms": [
        "motherfucker"
      ]
    },
    {
      "value": "mother-fucker",
      "synonyms": [
        "mother-fucker"
      ]
    },
    {
      "value": "motherfuckin",
      "synonyms": [
        "motherfuckin"
      ]
    },
    {
      "value": "mother-fuckin",
      "synonyms": [
        "mother-fuckin"
      ]
    },
    {
      "value": "muff d1ver",
      "synonyms": [
        "muff d1ver"
      ]
    },
    {
      "value": "muff diver",
      "synonyms": [
        "muff diver"
      ]
    },
    {
      "value": "muff",
      "synonyms": [
        "muff"
      ]
    },
    {
      "value": "muffd1ver",
      "synonyms": [
        "muffd1ver"
      ]
    },
    {
      "value": "muff-d1ver",
      "synonyms": [
        "muff-d1ver"
      ]
    },
    {
      "value": "muffdiver",
      "synonyms": [
        "muffdiver"
      ]
    },
    {
      "value": "muff-diver",
      "synonyms": [
        "muff-diver"
      ]
    },
    {
      "value": "mung1ng",
      "synonyms": [
        "mung1ng"
      ]
    },
    {
      "value": "munging",
      "synonyms": [
        "munging"
      ]
    },
    {
      "value": "P1ECE o SH1T",
      "synonyms": [
        "P1ECE o SH1T"
      ]
    },
    {
      "value": "P1ECE OF SH1T",
      "synonyms": [
        "P1ECE OF SH1T"
      ]
    },
    {
      "value": "p1ss flap",
      "synonyms": [
        "p1ss flap"
      ]
    },
    {
      "value": "p1ss",
      "synonyms": [
        "p1ss"
      ]
    },
    {
      "value": "p1ssed off",
      "synonyms": [
        "p1ssed off"
      ]
    },
    {
      "value": "p1ssed",
      "synonyms": [
        "p1ssed"
      ]
    },
    {
      "value": "p1ssed-off",
      "synonyms": [
        "p1ssed-off"
      ]
    },
    {
      "value": "p1ssflap",
      "synonyms": [
        "p1ssflap"
      ]
    },
    {
      "value": "p1ss-flap",
      "synonyms": [
        "p1ss-flap"
      ]
    },
    {
      "value": "pak1",
      "synonyms": [
        "pak1"
      ]
    },
    {
      "value": "paki",
      "synonyms": [
        "paki"
      ]
    },
    {
      "value": "panooch",
      "synonyms": [
        "panooch"
      ]
    },
    {
      "value": "pecker head",
      "synonyms": [
        "pecker head"
      ]
    },
    {
      "value": "pecker",
      "synonyms": [
        "pecker"
      ]
    },
    {
      "value": "peckerhead",
      "synonyms": [
        "peckerhead"
      ]
    },
    {
      "value": "pecker-head",
      "synonyms": [
        "pecker-head"
      ]
    },
    {
      "value": "pen1s fucker",
      "synonyms": [
        "pen1s fucker"
      ]
    },
    {
      "value": "pen1s puffer",
      "synonyms": [
        "pen1s puffer"
      ]
    },
    {
      "value": "pen1sfucker",
      "synonyms": [
        "pen1sfucker"
      ]
    },
    {
      "value": "pen1s-fucker",
      "synonyms": [
        "pen1s-fucker"
      ]
    },
    {
      "value": "pen1spuffer",
      "synonyms": [
        "pen1spuffer"
      ]
    },
    {
      "value": "pen1s-puffer",
      "synonyms": [
        "pen1s-puffer"
      ]
    },
    {
      "value": "penis fucker",
      "synonyms": [
        "penis fucker"
      ]
    },
    {
      "value": "penis puffer",
      "synonyms": [
        "penis puffer"
      ]
    },
    {
      "value": "penisfucker",
      "synonyms": [
        "penisfucker"
      ]
    },
    {
      "value": "penis-fucker",
      "synonyms": [
        "penis-fucker"
      ]
    },
    {
      "value": "penispuffer",
      "synonyms": [
        "penispuffer"
      ]
    },
    {
      "value": "penis-puffer",
      "synonyms": [
        "penis-puffer"
      ]
    },
    {
      "value": "phuck",
      "synonyms": [
        "phuck"
      ]
    },
    {
      "value": "PIECE o SHIT",
      "synonyms": [
        "PIECE o SHIT"
      ]
    },
    {
      "value": "PIECE OF SHIT",
      "synonyms": [
        "PIECE OF SHIT"
      ]
    },
    {
      "value": "piss flap",
      "synonyms": [
        "piss flap"
      ]
    },
    {
      "value": "piss",
      "synonyms": [
        "piss"
      ]
    },
    {
      "value": "pissed off",
      "synonyms": [
        "pissed off"
      ]
    },
    {
      "value": "pissed",
      "synonyms": [
        "pissed"
      ]
    },
    {
      "value": "pissed-off",
      "synonyms": [
        "pissed-off"
      ]
    },
    {
      "value": "pissflap",
      "synonyms": [
        "pissflap"
      ]
    },
    {
      "value": "piss-flap",
      "synonyms": [
        "piss-flap"
      ]
    },
    {
      "value": "playin with dick",
      "synonyms": [
        "playin with dick"
      ]
    },
    {
      "value": "pole smoker",
      "synonyms": [
        "pole smoker"
      ]
    },
    {
      "value": "polesmoker",
      "synonyms": [
        "polesmoker"
      ]
    },
    {
      "value": "pole-smoker",
      "synonyms": [
        "pole-smoker"
      ]
    },
    {
      "value": "pollock",
      "synonyms": [
        "pollock"
      ]
    },
    {
      "value": "poon",
      "synonyms": [
        "poon"
      ]
    },
    {
      "value": "poonan1",
      "synonyms": [
        "poonan1"
      ]
    },
    {
      "value": "poonani",
      "synonyms": [
        "poonani"
      ]
    },
    {
      "value": "porch monkey",
      "synonyms": [
        "porch monkey"
      ]
    },
    {
      "value": "porchmonkey",
      "synonyms": [
        "porchmonkey"
      ]
    },
    {
      "value": "porch-monkey",
      "synonyms": [
        "porch-monkey"
      ]
    },
    {
      "value": "punanny",
      "synonyms": [
        "punanny"
      ]
    },
    {
      "value": "punta",
      "synonyms": [
        "punta"
      ]
    },
    {
      "value": "pussy l1ck1ng",
      "synonyms": [
        "pussy l1ck1ng"
      ]
    },
    {
      "value": "pussy licking",
      "synonyms": [
        "pussy licking"
      ]
    },
    {
      "value": "pussyl1ck1ng",
      "synonyms": [
        "pussyl1ck1ng"
      ]
    },
    {
      "value": "pussy-l1ck1ng",
      "synonyms": [
        "pussy-l1ck1ng"
      ]
    },
    {
      "value": "pussylicking",
      "synonyms": [
        "pussylicking"
      ]
    },
    {
      "value": "pussy-licking",
      "synonyms": [
        "pussy-licking"
      ]
    },
    {
      "value": "puto",
      "synonyms": [
        "puto"
      ]
    },
    {
      "value": "queef",
      "synonyms": [
        "queef"
      ]
    },
    {
      "value": "queer ba1t",
      "synonyms": [
        "queer ba1t"
      ]
    },
    {
      "value": "queer bait",
      "synonyms": [
        "queer bait"
      ]
    },
    {
      "value": "queer hole",
      "synonyms": [
        "queer hole"
      ]
    },
    {
      "value": "queer",
      "synonyms": [
        "queer"
      ]
    },
    {
      "value": "queerba1t",
      "synonyms": [
        "queerba1t"
      ]
    },
    {
      "value": "queer-ba1t",
      "synonyms": [
        "queer-ba1t"
      ]
    },
    {
      "value": "queerbait",
      "synonyms": [
        "queerbait"
      ]
    },
    {
      "value": "queer-bait",
      "synonyms": [
        "queer-bait"
      ]
    },
    {
      "value": "queerhole",
      "synonyms": [
        "queerhole"
      ]
    },
    {
      "value": "queer-hole",
      "synonyms": [
        "queer-hole"
      ]
    },
    {
      "value": "r1m job",
      "synonyms": [
        "r1m job"
      ]
    },
    {
      "value": "r1mjob",
      "synonyms": [
        "r1mjob"
      ]
    },
    {
      "value": "r1m-job",
      "synonyms": [
        "r1m-job"
      ]
    },
    {
      "value": "rim job",
      "synonyms": [
        "rim job"
      ]
    },
    {
      "value": "rimjob",
      "synonyms": [
        "rimjob"
      ]
    },
    {
      "value": "rim-job",
      "synonyms": [
        "rim-job"
      ]
    },
    {
      "value": "schlong",
      "synonyms": [
        "schlong"
      ]
    },
    {
      "value": "scrote",
      "synonyms": [
        "scrote"
      ]
    },
    {
      "value": "sh1t arse",
      "synonyms": [
        "sh1t arse"
      ]
    },
    {
      "value": "sh1t ass",
      "synonyms": [
        "sh1t ass"
      ]
    },
    {
      "value": "sh1t bag",
      "synonyms": [
        "sh1t bag"
      ]
    },
    {
      "value": "sh1t bagger",
      "synonyms": [
        "sh1t bagger"
      ]
    },
    {
      "value": "sh1t bra1n",
      "synonyms": [
        "sh1t bra1n"
      ]
    },
    {
      "value": "sh1t cunt",
      "synonyms": [
        "sh1t cunt"
      ]
    },
    {
      "value": "sh1t d1ck",
      "synonyms": [
        "sh1t d1ck"
      ]
    },
    {
      "value": "sh1t face",
      "synonyms": [
        "sh1t face"
      ]
    },
    {
      "value": "sh1t faced",
      "synonyms": [
        "sh1t faced"
      ]
    },
    {
      "value": "sh1t head",
      "synonyms": [
        "sh1t head"
      ]
    },
    {
      "value": "sh1t hole",
      "synonyms": [
        "sh1t hole"
      ]
    },
    {
      "value": "sh1t house",
      "synonyms": [
        "sh1t house"
      ]
    },
    {
      "value": "sh1t sp1tter",
      "synonyms": [
        "sh1t sp1tter"
      ]
    },
    {
      "value": "sh1t sta1n",
      "synonyms": [
        "sh1t sta1n"
      ]
    },
    {
      "value": "sh1t",
      "synonyms": [
        "sh1t"
      ]
    },
    {
      "value": "sh1tarse",
      "synonyms": [
        "sh1tarse"
      ]
    },
    {
      "value": "sh1t-arse",
      "synonyms": [
        "sh1t-arse"
      ]
    },
    {
      "value": "sh1tass",
      "synonyms": [
        "sh1tass"
      ]
    },
    {
      "value": "sh1t-ass",
      "synonyms": [
        "sh1t-ass"
      ]
    },
    {
      "value": "sh1tbag",
      "synonyms": [
        "sh1tbag"
      ]
    },
    {
      "value": "sh1t-bag",
      "synonyms": [
        "sh1t-bag"
      ]
    },
    {
      "value": "sh1tbagger",
      "synonyms": [
        "sh1tbagger"
      ]
    },
    {
      "value": "sh1t-bagger",
      "synonyms": [
        "sh1t-bagger"
      ]
    },
    {
      "value": "sh1tbra1n",
      "synonyms": [
        "sh1tbra1n"
      ]
    },
    {
      "value": "sh1t-bra1n",
      "synonyms": [
        "sh1t-bra1n"
      ]
    },
    {
      "value": "sh1tbreath",
      "synonyms": [
        "sh1tbreath"
      ]
    },
    {
      "value": "sh1tcunt",
      "synonyms": [
        "sh1tcunt"
      ]
    },
    {
      "value": "sh1t-cunt",
      "synonyms": [
        "sh1t-cunt"
      ]
    },
    {
      "value": "sh1td1ck",
      "synonyms": [
        "sh1td1ck"
      ]
    },
    {
      "value": "sh1t-d1ck",
      "synonyms": [
        "sh1t-d1ck"
      ]
    },
    {
      "value": "sh1tface",
      "synonyms": [
        "sh1tface"
      ]
    },
    {
      "value": "sh1t-face",
      "synonyms": [
        "sh1t-face"
      ]
    },
    {
      "value": "sh1tfaced",
      "synonyms": [
        "sh1tfaced"
      ]
    },
    {
      "value": "sh1t-faced",
      "synonyms": [
        "sh1t-faced"
      ]
    },
    {
      "value": "sh1thead",
      "synonyms": [
        "sh1thead"
      ]
    },
    {
      "value": "sh1t-head",
      "synonyms": [
        "sh1t-head"
      ]
    },
    {
      "value": "sh1thole",
      "synonyms": [
        "sh1thole"
      ]
    },
    {
      "value": "sh1t-hole",
      "synonyms": [
        "sh1t-hole"
      ]
    },
    {
      "value": "sh1thouse",
      "synonyms": [
        "sh1thouse"
      ]
    },
    {
      "value": "sh1t-house",
      "synonyms": [
        "sh1t-house"
      ]
    },
    {
      "value": "sh1tsp1tter",
      "synonyms": [
        "sh1tsp1tter"
      ]
    },
    {
      "value": "sh1t-sp1tter",
      "synonyms": [
        "sh1t-sp1tter"
      ]
    },
    {
      "value": "sh1tsta1n",
      "synonyms": [
        "sh1tsta1n"
      ]
    },
    {
      "value": "sh1t-sta1n",
      "synonyms": [
        "sh1t-sta1n"
      ]
    },
    {
      "value": "sh1tt1est",
      "synonyms": [
        "sh1tt1est"
      ]
    },
    {
      "value": "sh1tt1ng",
      "synonyms": [
        "sh1tt1ng"
      ]
    },
    {
      "value": "sh1tter",
      "synonyms": [
        "sh1tter"
      ]
    },
    {
      "value": "sh1tty",
      "synonyms": [
        "sh1tty"
      ]
    },
    {
      "value": "sh1z n1t",
      "synonyms": [
        "sh1z n1t"
      ]
    },
    {
      "value": "sh1z",
      "synonyms": [
        "sh1z"
      ]
    },
    {
      "value": "sh1zn1t",
      "synonyms": [
        "sh1zn1t"
      ]
    },
    {
      "value": "sh1z-n1t",
      "synonyms": [
        "sh1z-n1t"
      ]
    },
    {
      "value": "shit arse",
      "synonyms": [
        "shit arse"
      ]
    },
    {
      "value": "shit ass",
      "synonyms": [
        "shit ass"
      ]
    },
    {
      "value": "shit bag",
      "synonyms": [
        "shit bag"
      ]
    },
    {
      "value": "shit bagger",
      "synonyms": [
        "shit bagger"
      ]
    },
    {
      "value": "shit brain",
      "synonyms": [
        "shit brain"
      ]
    },
    {
      "value": "shit cunt",
      "synonyms": [
        "shit cunt"
      ]
    },
    {
      "value": "shit dick",
      "synonyms": [
        "shit dick"
      ]
    },
    {
      "value": "shit face",
      "synonyms": [
        "shit face"
      ]
    },
    {
      "value": "shit faced",
      "synonyms": [
        "shit faced"
      ]
    },
    {
      "value": "shit head",
      "synonyms": [
        "shit head"
      ]
    },
    {
      "value": "shit hole",
      "synonyms": [
        "shit hole"
      ]
    },
    {
      "value": "shit house",
      "synonyms": [
        "shit house"
      ]
    },
    {
      "value": "shit spitter",
      "synonyms": [
        "shit spitter"
      ]
    },
    {
      "value": "shit stain",
      "synonyms": [
        "shit stain"
      ]
    },
    {
      "value": "shit",
      "synonyms": [
        "shit"
      ]
    },
    {
      "value": "sh t",
      "synonyms": [
        "sh t"
      ]
    },
    {
      "value": "shitarse",
      "synonyms": [
        "shitarse"
      ]
    },
    {
      "value": "shit-arse",
      "synonyms": [
        "shit-arse"
      ]
    },
    {
      "value": "shitass",
      "synonyms": [
        "shitass"
      ]
    },
    {
      "value": "shit-ass",
      "synonyms": [
        "shit-ass"
      ]
    },
    {
      "value": "shitbag",
      "synonyms": [
        "shitbag"
      ]
    },
    {
      "value": "shit-bag",
      "synonyms": [
        "shit-bag"
      ]
    },
    {
      "value": "shitbagger",
      "synonyms": [
        "shitbagger"
      ]
    },
    {
      "value": "shit-bagger",
      "synonyms": [
        "shit-bagger"
      ]
    },
    {
      "value": "shitbrain",
      "synonyms": [
        "shitbrain"
      ]
    },
    {
      "value": "shit-brain",
      "synonyms": [
        "shit-brain"
      ]
    },
    {
      "value": "shitbreath",
      "synonyms": [
        "shitbreath"
      ]
    },
    {
      "value": "shitcunt",
      "synonyms": [
        "shitcunt"
      ]
    },
    {
      "value": "shit-cunt",
      "synonyms": [
        "shit-cunt"
      ]
    },
    {
      "value": "shitdick",
      "synonyms": [
        "shitdick"
      ]
    },
    {
      "value": "shit-dick",
      "synonyms": [
        "shit-dick"
      ]
    },
    {
      "value": "shitface",
      "synonyms": [
        "shitface"
      ]
    },
    {
      "value": "shit-face",
      "synonyms": [
        "shit-face"
      ]
    },
    {
      "value": "shitfaced",
      "synonyms": [
        "shitfaced"
      ]
    },
    {
      "value": "shit-faced",
      "synonyms": [
        "shit-faced"
      ]
    },
    {
      "value": "shithead",
      "synonyms": [
        "shithead"
      ]
    },
    {
      "value": "shit-head",
      "synonyms": [
        "shit-head"
      ]
    },
    {
      "value": "shithole",
      "synonyms": [
        "shithole"
      ]
    },
    {
      "value": "shit-hole",
      "synonyms": [
        "shit-hole"
      ]
    },
    {
      "value": "shithouse",
      "synonyms": [
        "shithouse"
      ]
    },
    {
      "value": "shit-house",
      "synonyms": [
        "shit-house"
      ]
    },
    {
      "value": "shitspitter",
      "synonyms": [
        "shitspitter"
      ]
    },
    {
      "value": "shit-spitter",
      "synonyms": [
        "shit-spitter"
      ]
    },
    {
      "value": "shitstain",
      "synonyms": [
        "shitstain"
      ]
    },
    {
      "value": "shit-stain",
      "synonyms": [
        "shit-stain"
      ]
    },
    {
      "value": "shitter",
      "synonyms": [
        "shitter"
      ]
    },
    {
      "value": "shittiest",
      "synonyms": [
        "shittiest"
      ]
    },
    {
      "value": "shitting",
      "synonyms": [
        "shitting"
      ]
    },
    {
      "value": "shitty",
      "synonyms": [
        "shitty"
      ]
    },
    {
      "value": "shiz nit",
      "synonyms": [
        "shiz nit"
      ]
    },
    {
      "value": "shiz",
      "synonyms": [
        "shiz"
      ]
    },
    {
      "value": "shiznit",
      "synonyms": [
        "shiznit"
      ]
    },
    {
      "value": "shiz-nit",
      "synonyms": [
        "shiz-nit"
      ]
    },
    {
      "value": "skank",
      "synonyms": [
        "skank"
      ]
    },
    {
      "value": "skeet",
      "synonyms": [
        "skeet"
      ]
    },
    {
      "value": "skull fuck",
      "synonyms": [
        "skull fuck"
      ]
    },
    {
      "value": "skullfuck",
      "synonyms": [
        "skullfuck"
      ]
    },
    {
      "value": "skull-fuck",
      "synonyms": [
        "skull-fuck"
      ]
    },
    {
      "value": "skumbag",
      "synonyms": [
        "skumbag"
      ]
    },
    {
      "value": "slut bag",
      "synonyms": [
        "slut bag"
      ]
    },
    {
      "value": "slut",
      "synonyms": [
        "slut"
      ]
    },
    {
      "value": "slutbag",
      "synonyms": [
        "slutbag"
      ]
    },
    {
      "value": "slut-bag",
      "synonyms": [
        "slut-bag"
      ]
    },
    {
      "value": "sluts",
      "synonyms": [
        "sluts"
      ]
    },
    {
      "value": "Smeg head",
      "synonyms": [
        "Smeg head"
      ]
    },
    {
      "value": "smeg",
      "synonyms": [
        "smeg"
      ]
    },
    {
      "value": "Smegger",
      "synonyms": [
        "Smegger"
      ]
    },
    {
      "value": "Smeghead",
      "synonyms": [
        "Smeghead"
      ]
    },
    {
      "value": "Smeg-head",
      "synonyms": [
        "Smeg-head"
      ]
    },
    {
      "value": "smegma",
      "synonyms": [
        "smegma"
      ]
    },
    {
      "value": "snatch",
      "synonyms": [
        "snatch"
      ]
    },
    {
      "value": "son of a b1tch",
      "synonyms": [
        "son of a b1tch"
      ]
    },
    {
      "value": "son of a bitch",
      "synonyms": [
        "son of a bitch"
      ]
    },
    {
      "value": "sonofab1tch",
      "synonyms": [
        "sonofab1tch"
      ]
    },
    {
      "value": "sonofabitch",
      "synonyms": [
        "sonofabitch"
      ]
    },
    {
      "value": "sonovab1tch",
      "synonyms": [
        "sonovab1tch"
      ]
    },
    {
      "value": "sonovabitch",
      "synonyms": [
        "sonovabitch"
      ]
    },
    {
      "value": "sp1c",
      "synonyms": [
        "sp1c"
      ]
    },
    {
      "value": "sp1ck",
      "synonyms": [
        "sp1ck"
      ]
    },
    {
      "value": "spic",
      "synonyms": [
        "spic"
      ]
    },
    {
      "value": "spick",
      "synonyms": [
        "spick"
      ]
    },
    {
      "value": "splooge tard",
      "synonyms": [
        "splooge tard"
      ]
    },
    {
      "value": "sploogetard",
      "synonyms": [
        "sploogetard"
      ]
    },
    {
      "value": "splooge-tard",
      "synonyms": [
        "splooge-tard"
      ]
    },
    {
      "value": "suck dick",
      "synonyms": [
        "suck dick"
      ]
    },
    {
      "value": "suck my",
      "synonyms": [
        "suck my"
      ]
    },
    {
      "value": "suck my cock",
      "synonyms": [
        "suck my cock"
      ]
    },
    {
      "value": "suckdick",
      "synonyms": [
        "suckdick"
      ]
    },
    {
      "value": "suck-dick",
      "synonyms": [
        "suck-dick"
      ]
    },
    {
      "value": "t1t fuck",
      "synonyms": [
        "t1t fuck"
      ]
    },
    {
      "value": "t1tfuck",
      "synonyms": [
        "t1tfuck"
      ]
    },
    {
      "value": "t1t-fuck",
      "synonyms": [
        "t1t-fuck"
      ]
    },
    {
      "value": "t1tty fuckt",
      "synonyms": [
        "t1tty fuckt"
      ]
    },
    {
      "value": "t1ttyfuckt",
      "synonyms": [
        "t1ttyfuckt"
      ]
    },
    {
      "value": "t1tty-fuckt",
      "synonyms": [
        "t1tty-fuckt"
      ]
    },
    {
      "value": "thunder cunt",
      "synonyms": [
        "thunder cunt"
      ]
    },
    {
      "value": "thundercunt",
      "synonyms": [
        "thundercunt"
      ]
    },
    {
      "value": "thunder-cunt",
      "synonyms": [
        "thunder-cunt"
      ]
    },
    {
      "value": "tit fuck",
      "synonyms": [
        "tit fuck"
      ]
    },
    {
      "value": "titfuck",
      "synonyms": [
        "titfuck"
      ]
    },
    {
      "value": "tit-fuck",
      "synonyms": [
        "tit-fuck"
      ]
    },
    {
      "value": "titty fuckt",
      "synonyms": [
        "titty fuckt"
      ]
    },
    {
      "value": "tittyfuckt",
      "synonyms": [
        "tittyfuckt"
      ]
    },
    {
      "value": "titty-fuckt",
      "synonyms": [
        "titty-fuckt"
      ]
    },
    {
      "value": "twat l1ps",
      "synonyms": [
        "twat l1ps"
      ]
    },
    {
      "value": "twat lips",
      "synonyms": [
        "twat lips"
      ]
    },
    {
      "value": "twat waffle",
      "synonyms": [
        "twat waffle"
      ]
    },
    {
      "value": "twat",
      "synonyms": [
        "twat"
      ]
    },
    {
      "value": "twatl1ps",
      "synonyms": [
        "twatl1ps"
      ]
    },
    {
      "value": "twat-l1ps",
      "synonyms": [
        "twat-l1ps"
      ]
    },
    {
      "value": "twatlips",
      "synonyms": [
        "twatlips"
      ]
    },
    {
      "value": "twat-lips",
      "synonyms": [
        "twat-lips"
      ]
    },
    {
      "value": "twats",
      "synonyms": [
        "twats"
      ]
    },
    {
      "value": "twatwaffle",
      "synonyms": [
        "twatwaffle"
      ]
    },
    {
      "value": "twat-waffle",
      "synonyms": [
        "twat-waffle"
      ]
    },
    {
      "value": "ur butt",
      "synonyms": [
        "ur butt"
      ]
    },
    {
      "value": "vag",
      "synonyms": [
        "vag"
      ]
    },
    {
      "value": "va-j-j",
      "synonyms": [
        "va-j-j"
      ]
    },
    {
      "value": "vjayjay",
      "synonyms": [
        "vjayjay"
      ]
    },
    {
      "value": "wet back",
      "synonyms": [
        "wet back"
      ]
    },
    {
      "value": "wet backs",
      "synonyms": [
        "wet backs"
      ]
    },
    {
      "value": "wetback",
      "synonyms": [
        "wetback"
      ]
    },
    {
      "value": "wet-back",
      "synonyms": [
        "wet-back"
      ]
    },
    {
      "value": "wetbacks",
      "synonyms": [
        "wetbacks"
      ]
    },
    {
      "value": "wet-backs",
      "synonyms": [
        "wet-backs"
      ]
    },
    {
      "value": "wop",
      "synonyms": [
        "wop"
      ]
    },
    {
      "value": "wops",
      "synonyms": [
        "wops"
      ]
    },
    {
      "value": "wtf",
      "synonyms": [
        "wtf"
      ]
    },
    {
      "value": "cuntbreathe",
      "synonyms": [
        "cuntbreathe"
      ]
    },
    {
      "value": "cunt-breathe",
      "synonyms": [
        "cunt-breathe"
      ]
    },
    {
      "value": "cunthead",
      "synonyms": [
        "cunthead"
      ]
    },
    {
      "value": "cunt-head",
      "synonyms": [
        "cunt-head"
      ]
    },
    {
      "value": "fuckyou",
      "synonyms": [
        "fuckyou"
      ]
    },
    {
      "value": "fuckya",
      "synonyms": [
        "fuckya"
      ]
    },
    {
      "value": "fucku",
      "synonyms": [
        "fucku"
      ]
    },
    {
      "value": "f off",
      "synonyms": [
        "f off"
      ]
    }
  ],
  "isEnum": false,
  "automatedExpansion": false
}