{
  "id": "98214399-fdee-4a81-9571-55caa0f7d374",
  "name": "genitals",
  "isOverridable": true,
  "entries": [
    {
      "value": "anus",
      "synonyms": [
        "anus"
      ]
    },
    {
      "value": "anal",
      "synonyms": [
        "anal"
      ]
    },
    {
      "value": "axegash",
      "synonyms": [
        "axegashes",
        "axe gash",
        "axe-gashes",
        "axe gashes"
      ]
    },
    {
      "value": "axewound",
      "synonyms": [
        "axewound",
        "axe-wound",
        "axe wound"
      ]
    },
    {
      "value": "bagina",
      "synonyms": [
        "bagina"
      ]
    },
    {
      "value": "beardedclam",
      "synonyms": [
        "beardedclam",
        "bearded-clam",
        "bearded clam"
      ]
    },
    {
      "value": "dick",
      "synonyms": [
        "bigdick",
        "bigdick",
        "big-dick",
        "my dick"
      ]
    },
    {
      "value": "boner",
      "synonyms": [
        "boner"
      ]
    },
    {
      "value": "boob",
      "synonyms": [
        "boob",
        "boobies",
        "boobs",
        "booobs",
        "booooobs",
        "booooooobs",
        "boooooooobs",
        "booby"
      ]
    },
    {
      "value": "boobie",
      "synonyms": [
        "boobie"
      ]
    },
    {
      "value": "titty",
      "synonyms": [
        "titty",
        "titties"
      ]
    },
    {
      "value": "breast implant",
      "synonyms": [
        "breast implant"
      ]
    },
    {
      "value": "breasts implant",
      "synonyms": [
        "breasts implant"
      ]
    },
    {
      "value": "breast implants",
      "synonyms": [
        "breast implants"
      ]
    },
    {
      "value": "breasts implants",
      "synonyms": [
        "breasts implants"
      ]
    },
    {
      "value": "your breast",
      "synonyms": [
        "your breast"
      ]
    },
    {
      "value": "your breasts",
      "synonyms": [
        "your breasts"
      ]
    },
    {
      "value": "you breast",
      "synonyms": [
        "you breast"
      ]
    },
    {
      "value": "you breasts",
      "synonyms": [
        "you breasts"
      ]
    },
    {
      "value": "cameltoe",
      "synonyms": [
        "cameltoe",
        "camel-toe",
        "camel toe"
      ]
    },
    {
      "value": "choad",
      "synonyms": [
        "choad"
      ]
    },
    {
      "value": "chode",
      "synonyms": [
        "chode"
      ]
    },
    {
      "value": "clit",
      "synonyms": [
        "clit"
      ]
    },
    {
      "value": "clunge",
      "synonyms": [
        "clunge"
      ]
    },
    {
      "value": "cock",
      "synonyms": [
        "cock",
        "you want my cock",
        "cocks"
      ]
    },
    {
      "value": "coochie",
      "synonyms": [
        "coochie"
      ]
    },
    {
      "value": "coochy",
      "synonyms": [
        "coochy"
      ]
    },
    {
      "value": "cooter",
      "synonyms": [
        "cooter"
      ]
    },
    {
      "value": "crotch",
      "synonyms": [
        "crotch"
      ]
    },
    {
      "value": "cum",
      "synonyms": [
        "cum"
      ]
    },
    {
      "value": "cumbubble",
      "synonyms": [
        "cumbubble",
        "cum-bubble",
        "cum bubble"
      ]
    },
    {
      "value": "cunnie",
      "synonyms": [
        "cunnie"
      ]
    },
    {
      "value": "Dildo",
      "synonyms": [
        "Dildo"
      ]
    },
    {
      "value": "dong",
      "synonyms": [
        "dong"
      ]
    },
    {
      "value": "dookie",
      "synonyms": [
        "dookie"
      ]
    },
    {
      "value": "dork",
      "synonyms": [
        "dork"
      ]
    },
    {
      "value": "douche",
      "synonyms": [
        "douche"
      ]
    },
    {
      "value": "erection",
      "synonyms": [
        "erection"
      ]
    },
    {
      "value": "fanny",
      "synonyms": [
        "fanny"
      ]
    },
    {
      "value": "flang",
      "synonyms": [
        "flang",
        "flange"
      ]
    },
    {
      "value": "gash",
      "synonyms": [
        "gash"
      ]
    },
    {
      "value": "gism",
      "synonyms": [
        "gism"
      ]
    },
    {
      "value": "gooch",
      "synonyms": [
        "gooch"
      ]
    },
    {
      "value": "hardon",
      "synonyms": [
        "hardon",
        "hard-on",
        "hard on"
      ]
    },
    {
      "value": "jism",
      "synonyms": [
        "jism"
      ]
    },
    {
      "value": "jizz",
      "synonyms": [
        "jizz"
      ]
    },
    {
      "value": "kooch",
      "synonyms": [
        "kooch",
        "kootch"
      ]
    },
    {
      "value": "kunt",
      "synonyms": [
        "kunt"
      ]
    },
    {
      "value": "labia",
      "synonyms": [
        "labia"
      ]
    },
    {
      "value": "minge",
      "synonyms": [
        "minge"
      ]
    },
    {
      "value": "muff",
      "synonyms": [
        "muff"
      ]
    },
    {
      "value": "nipple",
      "synonyms": [
        "nipple"
      ]
    },
    {
      "value": "pecker",
      "synonyms": [
        "pecker",
        "peckerhead",
        "pecker-head",
        "pecker head"
      ]
    },
    {
      "value": "phallus",
      "synonyms": [
        "phallus"
      ]
    },
    {
      "value": "penis",
      "synonyms": [
        "penis"
      ]
    },
    {
      "value": "piss",
      "synonyms": [
        "piss"
      ]
    },
    {
      "value": "poon",
      "synonyms": [
        "poon"
      ]
    },
    {
      "value": "poonani",
      "synonyms": [
        "poonani"
      ]
    },
    {
      "value": "Poonany",
      "synonyms": [
        "Poonany"
      ]
    },
    {
      "value": "poontang",
      "synonyms": [
        "poontang"
      ]
    },
    {
      "value": "poon-tang",
      "synonyms": [
        "poon-tang"
      ]
    },
    {
      "value": "poon tang",
      "synonyms": [
        "poon tang"
      ]
    },
    {
      "value": "poop",
      "synonyms": [
        "poop"
      ]
    },
    {
      "value": "Prick",
      "synonyms": [
        "Prick"
      ]
    },
    {
      "value": "punanny",
      "synonyms": [
        "punanny"
      ]
    },
    {
      "value": "pussies",
      "synonyms": [
        "pussies"
      ]
    },
    {
      "value": "pussy",
      "synonyms": [
        "pussy"
      ]
    },
    {
      "value": "pussies",
      "synonyms": [
        "pussies"
      ]
    },
    {
      "value": "schlong",
      "synonyms": [
        "schlong"
      ]
    },
    {
      "value": "scholong",
      "synonyms": [
        "scholong"
      ]
    },
    {
      "value": "scrote",
      "synonyms": [
        "scrote"
      ]
    },
    {
      "value": "shledium",
      "synonyms": [
        "shledium"
      ]
    },
    {
      "value": "shlort",
      "synonyms": [
        "shlort"
      ]
    },
    {
      "value": "skank",
      "synonyms": [
        "skank"
      ]
    },
    {
      "value": "slit",
      "synonyms": [
        "slit"
      ]
    },
    {
      "value": "smeg",
      "synonyms": [
        "smeg"
      ]
    },
    {
      "value": "snatch",
      "synonyms": [
        "snatch"
      ]
    },
    {
      "value": "stiffy",
      "synonyms": [
        "stiffy"
      ]
    },
    {
      "value": "sugarstick",
      "synonyms": [
        "sugarstick",
        "sugar-stick",
        "sugar stick"
      ]
    },
    {
      "value": "testas",
      "synonyms": [
        "testas"
      ]
    },
    {
      "value": "testicle",
      "synonyms": [
        "testicle",
        "testicles"
      ]
    },
    {
      "value": "tit",
      "synonyms": [
        "tit",
        "tits"
      ]
    },
    {
      "value": "trousersnake",
      "synonyms": [
        "trousersnake",
        "trouser-snake",
        "trouser snake"
      ]
    },
    {
      "value": "twat",
      "synonyms": [
        "twat"
      ]
    },
    {
      "value": "twatlips",
      "synonyms": [
        "twatlips",
        "twat-lips",
        "twat lips"
      ]
    },
    {
      "value": "twats",
      "synonyms": [
        "twats",
        "twatwaffle",
        "twat-waffle",
        "twat waffle"
      ]
    },
    {
      "value": "vag",
      "synonyms": [
        "vag"
      ]
    },
    {
      "value": "vagina",
      "synonyms": [
        "vagina"
      ]
    },
    {
      "value": "vaginal",
      "synonyms": [
        "vaginal"
      ]
    },
    {
      "value": "va-j-j",
      "synonyms": [
        "va-j-j",
        "vjayjay"
      ]
    },
    {
      "value": "wang",
      "synonyms": [
        "wang"
      ]
    },
    {
      "value": "wball",
      "synonyms": [
        "wball",
        "w-ball",
        "w ball"
      ]
    },
    {
      "value": "weiner",
      "synonyms": [
        "weiner"
      ]
    },
    {
      "value": "wiener",
      "synonyms": [
        "wiener"
      ]
    },
    {
      "value": "butt",
      "synonyms": [
        "butt",
        "butts"
      ]
    },
    {
      "value": "penise",
      "synonyms": [
        "penise"
      ]
    }
  ],
  "isEnum": false,
  "automatedExpansion": false
}