{
  "id": "231f6d51-8349-4157-9734-c7c072077f63",
  "name": "homosexual",
  "isOverridable": true,
  "entries": [
    {
      "value": "fagot",
      "synonyms": [
        "fagot",
        "fagots"
      ]
    },
    {
      "value": "faggot",
      "synonyms": [
        "faggot"
      ]
    },
    {
      "value": "fag",
      "synonyms": [
        "fag"
      ]
    },
    {
      "value": "nance",
      "synonyms": [
        "nance"
      ]
    },
    {
      "value": "queer",
      "synonyms": [
        "queer"
      ]
    },
    {
      "value": "poove",
      "synonyms": [
        "poove"
      ]
    },
    {
      "value": "pouf",
      "synonyms": [
        "pouf"
      ]
    }
  ],
  "isEnum": false,
  "automatedExpansion": false
}