{
  "id": "13308497-9da6-4acc-8fc9-ef5b97893feb",
  "name": "offense",
  "isOverridable": true,
  "entries": [
    {
      "value": "ass",
      "synonyms": [
        "ass"
      ]
    },
    {
      "value": "air head",
      "synonyms": [
        "air head"
      ]
    },
    {
      "value": "airhead",
      "synonyms": [
        "airhead"
      ]
    },
    {
      "value": "air-head",
      "synonyms": [
        "air-head"
      ]
    },
    {
      "value": "arse",
      "synonyms": [
        "arse"
      ]
    },
    {
      "value": "arse head",
      "synonyms": [
        "arse head"
      ]
    },
    {
      "value": "arse hopper",
      "synonyms": [
        "arse hopper"
      ]
    },
    {
      "value": "arse jacker",
      "synonyms": [
        "arse jacker"
      ]
    },
    {
      "value": "arse lick",
      "synonyms": [
        "arse lick"
      ]
    },
    {
      "value": "arse licker",
      "synonyms": [
        "arse licker"
      ]
    },
    {
      "value": "arse monkey",
      "synonyms": [
        "arse monkey"
      ]
    },
    {
      "value": "arse munch",
      "synonyms": [
        "arse munch"
      ]
    },
    {
      "value": "arse muncher",
      "synonyms": [
        "arse muncher"
      ]
    },
    {
      "value": "arse nigger",
      "synonyms": [
        "arse nigger"
      ]
    },
    {
      "value": "arse pirate",
      "synonyms": [
        "arse pirate"
      ]
    },
    {
      "value": "arse shit",
      "synonyms": [
        "arse shit"
      ]
    },
    {
      "value": "arse sucker",
      "synonyms": [
        "arse sucker"
      ]
    },
    {
      "value": "arse wad",
      "synonyms": [
        "arse wad"
      ]
    },
    {
      "value": "arse wipe",
      "synonyms": [
        "arse wipe"
      ]
    },
    {
      "value": "arsees",
      "synonyms": [
        "arsees"
      ]
    },
    {
      "value": "arsees",
      "synonyms": [
        "arsees"
      ]
    },
    {
      "value": "arsehead",
      "synonyms": [
        "arsehead"
      ]
    },
    {
      "value": "arse-head",
      "synonyms": [
        "arse-head"
      ]
    },
    {
      "value": "arsehopper",
      "synonyms": [
        "arsehopper"
      ]
    },
    {
      "value": "arse-hopper",
      "synonyms": [
        "arse-hopper"
      ]
    },
    {
      "value": "arsejacker",
      "synonyms": [
        "arsejacker"
      ]
    },
    {
      "value": "arse-jacker",
      "synonyms": [
        "arse-jacker"
      ]
    },
    {
      "value": "arselick",
      "synonyms": [
        "arselick"
      ]
    },
    {
      "value": "arse-lick",
      "synonyms": [
        "arse-lick"
      ]
    },
    {
      "value": "arselicker",
      "synonyms": [
        "arselicker"
      ]
    },
    {
      "value": "arse-licker",
      "synonyms": [
        "arse-licker"
      ]
    },
    {
      "value": "arsemonkey",
      "synonyms": [
        "arsemonkey"
      ]
    },
    {
      "value": "arse-monkey",
      "synonyms": [
        "arse-monkey"
      ]
    },
    {
      "value": "arsemunch",
      "synonyms": [
        "arsemunch"
      ]
    },
    {
      "value": "arse-munch",
      "synonyms": [
        "arse-munch"
      ]
    },
    {
      "value": "arsemuncher",
      "synonyms": [
        "arsemuncher"
      ]
    },
    {
      "value": "arse-muncher",
      "synonyms": [
        "arse-muncher"
      ]
    },
    {
      "value": "arsenigger",
      "synonyms": [
        "arsenigger"
      ]
    },
    {
      "value": "arse-nigger",
      "synonyms": [
        "arse-nigger"
      ]
    },
    {
      "value": "arsepirate",
      "synonyms": [
        "arsepirate"
      ]
    },
    {
      "value": "arse-pirate",
      "synonyms": [
        "arse-pirate"
      ]
    },
    {
      "value": "arses hole",
      "synonyms": [
        "arses hole"
      ]
    },
    {
      "value": "arseshit",
      "synonyms": [
        "arseshit"
      ]
    },
    {
      "value": "arse-shit",
      "synonyms": [
        "arse-shit"
      ]
    },
    {
      "value": "arseshole",
      "synonyms": [
        "arseshole"
      ]
    },
    {
      "value": "arses-hole",
      "synonyms": [
        "arses-hole"
      ]
    },
    {
      "value": "arsesucker",
      "synonyms": [
        "arsesucker"
      ]
    },
    {
      "value": "arse-sucker",
      "synonyms": [
        "arse-sucker"
      ]
    },
    {
      "value": "arsewad",
      "synonyms": [
        "arsewad"
      ]
    },
    {
      "value": "arse-wad",
      "synonyms": [
        "arse-wad"
      ]
    },
    {
      "value": "arsewipe",
      "synonyms": [
        "arsewipe"
      ]
    },
    {
      "value": "arse-wipe",
      "synonyms": [
        "arse-wipe"
      ]
    },
    {
      "value": "ass head",
      "synonyms": [
        "ass head"
      ]
    },
    {
      "value": "ass hopper",
      "synonyms": [
        "ass hopper"
      ]
    },
    {
      "value": "ass jacker",
      "synonyms": [
        "ass jacker"
      ]
    },
    {
      "value": "ass lick",
      "synonyms": [
        "ass lick"
      ]
    },
    {
      "value": "ass licker",
      "synonyms": [
        "ass licker"
      ]
    },
    {
      "value": "ass monkey",
      "synonyms": [
        "ass monkey"
      ]
    },
    {
      "value": "ass munch",
      "synonyms": [
        "ass munch"
      ]
    },
    {
      "value": "ass muncher",
      "synonyms": [
        "ass muncher"
      ]
    },
    {
      "value": "ass nigger",
      "synonyms": [
        "ass nigger"
      ]
    },
    {
      "value": "ass pirate",
      "synonyms": [
        "ass pirate"
      ]
    },
    {
      "value": "ass shit",
      "synonyms": [
        "ass shit"
      ]
    },
    {
      "value": "ass sucker",
      "synonyms": [
        "ass sucker"
      ]
    },
    {
      "value": "ass wad",
      "synonyms": [
        "ass wad"
      ]
    },
    {
      "value": "ass wipe",
      "synonyms": [
        "ass wipe"
      ]
    },
    {
      "value": "asses",
      "synonyms": [
        "asses"
      ]
    },
    {
      "value": "asses",
      "synonyms": [
        "asses"
      ]
    },
    {
      "value": "asshead",
      "synonyms": [
        "asshead"
      ]
    },
    {
      "value": "ass-head",
      "synonyms": [
        "ass-head"
      ]
    },
    {
      "value": "asshopper",
      "synonyms": [
        "asshopper"
      ]
    },
    {
      "value": "ass-hopper",
      "synonyms": [
        "ass-hopper"
      ]
    },
    {
      "value": "assjacker",
      "synonyms": [
        "assjacker"
      ]
    },
    {
      "value": "ass-jacker",
      "synonyms": [
        "ass-jacker"
      ]
    },
    {
      "value": "asslick",
      "synonyms": [
        "asslick"
      ]
    },
    {
      "value": "ass-lick",
      "synonyms": [
        "ass-lick"
      ]
    },
    {
      "value": "asslicker",
      "synonyms": [
        "asslicker"
      ]
    },
    {
      "value": "ass-licker",
      "synonyms": [
        "ass-licker"
      ]
    },
    {
      "value": "assmonkey",
      "synonyms": [
        "assmonkey"
      ]
    },
    {
      "value": "ass-monkey",
      "synonyms": [
        "ass-monkey"
      ]
    },
    {
      "value": "assmunch",
      "synonyms": [
        "assmunch"
      ]
    },
    {
      "value": "ass-munch",
      "synonyms": [
        "ass-munch"
      ]
    },
    {
      "value": "assmuncher",
      "synonyms": [
        "assmuncher"
      ]
    },
    {
      "value": "ass-muncher",
      "synonyms": [
        "ass-muncher"
      ]
    },
    {
      "value": "assnigger",
      "synonyms": [
        "assnigger"
      ]
    },
    {
      "value": "ass-nigger",
      "synonyms": [
        "ass-nigger"
      ]
    },
    {
      "value": "asspirate",
      "synonyms": [
        "asspirate"
      ]
    },
    {
      "value": "ass-pirate",
      "synonyms": [
        "ass-pirate"
      ]
    },
    {
      "value": "asss hole",
      "synonyms": [
        "asss hole"
      ]
    },
    {
      "value": "assshit",
      "synonyms": [
        "assshit"
      ]
    },
    {
      "value": "ass-shit",
      "synonyms": [
        "ass-shit"
      ]
    },
    {
      "value": "assshole",
      "synonyms": [
        "assshole"
      ]
    },
    {
      "value": "asss-hole",
      "synonyms": [
        "asss-hole"
      ]
    },
    {
      "value": "asssucker",
      "synonyms": [
        "asssucker"
      ]
    },
    {
      "value": "ass-sucker",
      "synonyms": [
        "ass-sucker"
      ]
    },
    {
      "value": "asswad",
      "synonyms": [
        "asswad"
      ]
    },
    {
      "value": "ass-wad",
      "synonyms": [
        "ass-wad"
      ]
    },
    {
      "value": "asswipe",
      "synonyms": [
        "asswipe"
      ]
    },
    {
      "value": "ass-wipe",
      "synonyms": [
        "ass-wipe"
      ]
    },
    {
      "value": "Bastard",
      "synonyms": [
        "Bastard"
      ]
    },
    {
      "value": "bastard",
      "synonyms": [
        "bastard"
      ]
    },
    {
      "value": "bastid",
      "synonyms": [
        "bastid"
      ]
    },
    {
      "value": "belch",
      "synonyms": [
        "belch"
      ]
    },
    {
      "value": "belchin",
      "synonyms": [
        "belchin"
      ]
    },
    {
      "value": "buggar",
      "synonyms": [
        "buggar"
      ]
    },
    {
      "value": "bugger",
      "synonyms": [
        "bugger"
      ]
    },
    {
      "value": "bum hole",
      "synonyms": [
        "bum hole"
      ]
    },
    {
      "value": "bumhole",
      "synonyms": [
        "bumhole"
      ]
    },
    {
      "value": "bum-hole",
      "synonyms": [
        "bum-hole"
      ]
    },
    {
      "value": "burp",
      "synonyms": [
        "burp"
      ]
    },
    {
      "value": "burpin",
      "synonyms": [
        "burpin"
      ]
    },
    {
      "value": "bustard",
      "synonyms": [
        "bustard"
      ]
    },
    {
      "value": "caca",
      "synonyms": [
        "caca"
      ]
    },
    {
      "value": "changelin",
      "synonyms": [
        "changelin"
      ]
    },
    {
      "value": "crap",
      "synonyms": [
        "crap"
      ]
    },
    {
      "value": "defecate",
      "synonyms": [
        "defecate"
      ]
    },
    {
      "value": "defecatin",
      "synonyms": [
        "defecatin"
      ]
    },
    {
      "value": "diarrhea",
      "synonyms": [
        "diarrhea"
      ]
    },
    {
      "value": "dooch bag",
      "synonyms": [
        "dooch bag"
      ]
    },
    {
      "value": "doochbag",
      "synonyms": [
        "doochbag"
      ]
    },
    {
      "value": "dooch-bag",
      "synonyms": [
        "dooch-bag"
      ]
    },
    {
      "value": "dookie",
      "synonyms": [
        "dookie"
      ]
    },
    {
      "value": "fart",
      "synonyms": [
        "fart"
      ]
    },
    {
      "value": "fartin",
      "synonyms": [
        "fartin"
      ]
    },
    {
      "value": "go 2 hell",
      "synonyms": [
        "go 2 hell"
      ]
    },
    {
      "value": "go to hell",
      "synonyms": [
        "go to hell"
      ]
    },
    {
      "value": "go two hell",
      "synonyms": [
        "go two hell"
      ]
    },
    {
      "value": "god damn it",
      "synonyms": [
        "god damn it"
      ]
    },
    {
      "value": "god damn",
      "synonyms": [
        "god damn"
      ]
    },
    {
      "value": "goddamn",
      "synonyms": [
        "goddamn"
      ]
    },
    {
      "value": "god-damn",
      "synonyms": [
        "god-damn"
      ]
    },
    {
      "value": "goddamnit",
      "synonyms": [
        "goddamnit"
      ]
    },
    {
      "value": "god-damn-it",
      "synonyms": [
        "god-damn-it"
      ]
    },
    {
      "value": "goof",
      "synonyms": [
        "goof"
      ]
    },
    {
      "value": "goof ball",
      "synonyms": [
        "goof ball"
      ]
    },
    {
      "value": "goofball",
      "synonyms": [
        "goofball"
      ]
    },
    {
      "value": "goof-ball",
      "synonyms": [
        "goof-ball"
      ]
    },
    {
      "value": "hoe",
      "synonyms": [
        "hoe"
      ]
    },
    {
      "value": "ignorant",
      "synonyms": [
        "ignorant"
      ]
    },
    {
      "value": "ill advised",
      "synonyms": [
        "ill advised"
      ]
    },
    {
      "value": "illadvised",
      "synonyms": [
        "illadvised"
      ]
    },
    {
      "value": "ill-advised",
      "synonyms": [
        "ill-advised"
      ]
    },
    {
      "value": "imbecile",
      "synonyms": [
        "imbecile"
      ]
    },
    {
      "value": "imbecilic",
      "synonyms": [
        "imbecilic"
      ]
    },
    {
      "value": "insensate",
      "synonyms": [
        "insensate"
      ]
    },
    {
      "value": "jack arse",
      "synonyms": [
        "jack arse"
      ]
    },
    {
      "value": "jack ass",
      "synonyms": [
        "jack ass"
      ]
    },
    {
      "value": "jackarse",
      "synonyms": [
        "jackarse"
      ]
    },
    {
      "value": "jack-arse",
      "synonyms": [
        "jack-arse"
      ]
    },
    {
      "value": "jackass",
      "synonyms": [
        "jackass"
      ]
    },
    {
      "value": "jack-ass",
      "synonyms": [
        "jack-ass"
      ]
    },
    {
      "value": "jacke arse",
      "synonyms": [
        "jacke arse"
      ]
    },
    {
      "value": "jacke ass",
      "synonyms": [
        "jacke ass"
      ]
    },
    {
      "value": "jackearse",
      "synonyms": [
        "jackearse"
      ]
    },
    {
      "value": "jacke-arse",
      "synonyms": [
        "jacke-arse"
      ]
    },
    {
      "value": "jackeass",
      "synonyms": [
        "jackeass"
      ]
    },
    {
      "value": "jacke-ass",
      "synonyms": [
        "jacke-ass"
      ]
    },
    {
      "value": "jerk",
      "synonyms": [
        "jerk"
      ]
    },
    {
      "value": "jerk off",
      "synonyms": [
        "jerk off"
      ]
    },
    {
      "value": "jerkoff",
      "synonyms": [
        "jerkoff"
      ]
    },
    {
      "value": "jerk-off",
      "synonyms": [
        "jerk-off"
      ]
    },
    {
      "value": "jerks",
      "synonyms": [
        "jerks"
      ]
    },
    {
      "value": "Junkie spawn",
      "synonyms": [
        "Junkie spawn"
      ]
    },
    {
      "value": "Junkiespawn",
      "synonyms": [
        "Junkiespawn"
      ]
    },
    {
      "value": "Junkie-spawn",
      "synonyms": [
        "Junkie-spawn"
      ]
    },
    {
      "value": "knuckle head",
      "synonyms": [
        "knuckle head"
      ]
    },
    {
      "value": "knucklehead",
      "synonyms": [
        "knucklehead"
      ]
    },
    {
      "value": "knuckle-head",
      "synonyms": [
        "knuckle-head"
      ]
    },
    {
      "value": "logger head",
      "synonyms": [
        "logger head"
      ]
    },
    {
      "value": "loggerhead",
      "synonyms": [
        "loggerhead"
      ]
    },
    {
      "value": "logger-head",
      "synonyms": [
        "logger-head"
      ]
    },
    {
      "value": "loser",
      "synonyms": [
        "loser"
      ]
    },
    {
      "value": "ludicrous",
      "synonyms": [
        "ludicrous"
      ]
    },
    {
      "value": "lunk head",
      "synonyms": [
        "lunk head"
      ]
    },
    {
      "value": "lunkhead",
      "synonyms": [
        "lunkhead"
      ]
    },
    {
      "value": "lunk-head",
      "synonyms": [
        "lunk-head"
      ]
    },
    {
      "value": "moron",
      "synonyms": [
        "moron"
      ]
    },
    {
      "value": "moronic",
      "synonyms": [
        "moronic"
      ]
    },
    {
      "value": "morons",
      "synonyms": [
        "morons"
      ]
    },
    {
      "value": "morosoph",
      "synonyms": [
        "morosoph"
      ]
    },
    {
      "value": "muggin",
      "synonyms": [
        "muggin"
      ]
    },
    {
      "value": "mutton head",
      "synonyms": [
        "mutton head"
      ]
    },
    {
      "value": "muttonhead",
      "synonyms": [
        "muttonhead"
      ]
    },
    {
      "value": "mutton-head",
      "synonyms": [
        "mutton-head"
      ]
    },
    {
      "value": "nebbech",
      "synonyms": [
        "nebbech"
      ]
    },
    {
      "value": "nebbish",
      "synonyms": [
        "nebbish"
      ]
    },
    {
      "value": "nincom poop",
      "synonyms": [
        "nincom poop"
      ]
    },
    {
      "value": "nincompoop",
      "synonyms": [
        "nincompoop"
      ]
    },
    {
      "value": "nincom-poop",
      "synonyms": [
        "nincom-poop"
      ]
    },
    {
      "value": "ninny",
      "synonyms": [
        "ninny"
      ]
    },
    {
      "value": "nitwit",
      "synonyms": [
        "nitwit"
      ]
    },
    {
      "value": "non sensical",
      "synonyms": [
        "non sensical"
      ]
    },
    {
      "value": "nonsensical",
      "synonyms": [
        "nonsensical"
      ]
    },
    {
      "value": "non-sensical",
      "synonyms": [
        "non-sensical"
      ]
    },
    {
      "value": "num skull",
      "synonyms": [
        "num skull"
      ]
    },
    {
      "value": "numskull",
      "synonyms": [
        "numskull"
      ]
    },
    {
      "value": "num-skull",
      "synonyms": [
        "num-skull"
      ]
    },
    {
      "value": "obtuse",
      "synonyms": [
        "obtuse"
      ]
    },
    {
      "value": "pillock",
      "synonyms": [
        "pillock"
      ]
    },
    {
      "value": "piss",
      "synonyms": [
        "piss"
      ]
    },
    {
      "value": "pissed",
      "synonyms": [
        "pissed"
      ]
    },
    {
      "value": "pissed off",
      "synonyms": [
        "pissed off"
      ]
    },
    {
      "value": "pissedoff",
      "synonyms": [
        "pissedoff"
      ]
    },
    {
      "value": "pissed-off",
      "synonyms": [
        "pissed-off"
      ]
    },
    {
      "value": "pissin",
      "synonyms": [
        "pissin"
      ]
    },
    {
      "value": "Pocho",
      "synonyms": [
        "Pocho"
      ]
    },
    {
      "value": "Polack",
      "synonyms": [
        "Polack"
      ]
    },
    {
      "value": "poo",
      "synonyms": [
        "poo"
      ]
    },
    {
      "value": "pooin",
      "synonyms": [
        "pooin"
      ]
    },
    {
      "value": "pooing",
      "synonyms": [
        "pooing"
      ]
    },
    {
      "value": "poop",
      "synonyms": [
        "poop"
      ]
    },
    {
      "value": "prick",
      "synonyms": [
        "prick"
      ]
    },
    {
      "value": "prostitute",
      "synonyms": [
        "prostitute"
      ]
    },
    {
      "value": "psycho",
      "synonyms": [
        "psycho"
      ]
    },
    {
      "value": "psychopat",
      "synonyms": [
        "psychopat"
      ]
    },
    {
      "value": "psychopath",
      "synonyms": [
        "psychopath"
      ]
    },
    {
      "value": "psychos",
      "synonyms": [
        "psychos"
      ]
    },
    {
      "value": "pudden head",
      "synonyms": [
        "pudden head"
      ]
    },
    {
      "value": "puddenhead",
      "synonyms": [
        "puddenhead"
      ]
    },
    {
      "value": "pudden-head",
      "synonyms": [
        "pudden-head"
      ]
    },
    {
      "value": "pudding head",
      "synonyms": [
        "pudding head"
      ]
    },
    {
      "value": "puddinghead",
      "synonyms": [
        "puddinghead"
      ]
    },
    {
      "value": "pudding-head",
      "synonyms": [
        "pudding-head"
      ]
    },
    {
      "value": "puerile",
      "synonyms": [
        "puerile"
      ]
    },
    {
      "value": "putz",
      "synonyms": [
        "putz"
      ]
    },
    {
      "value": "retard",
      "synonyms": [
        "retard"
      ]
    },
    {
      "value": "sap head",
      "synonyms": [
        "sap head"
      ]
    },
    {
      "value": "saphead",
      "synonyms": [
        "saphead"
      ]
    },
    {
      "value": "sap-head",
      "synonyms": [
        "sap-head"
      ]
    },
    {
      "value": "scatter brain",
      "synonyms": [
        "scatter brain"
      ]
    },
    {
      "value": "scatterbrain",
      "synonyms": [
        "scatterbrain"
      ]
    },
    {
      "value": "scatter-brain",
      "synonyms": [
        "scatter-brain"
      ]
    },
    {
      "value": "schlemiel",
      "synonyms": [
        "schlemiel"
      ]
    },
    {
      "value": "schlep",
      "synonyms": [
        "schlep"
      ]
    },
    {
      "value": "schlepper",
      "synonyms": [
        "schlepper"
      ]
    },
    {
      "value": "schnook",
      "synonyms": [
        "schnook"
      ]
    },
    {
      "value": "shit head",
      "synonyms": [
        "shit head"
      ]
    },
    {
      "value": "shithead",
      "synonyms": [
        "shithead"
      ]
    },
    {
      "value": "shit-head",
      "synonyms": [
        "shit-head"
      ]
    },
    {
      "value": "shitin",
      "synonyms": [
        "shitin"
      ]
    },
    {
      "value": "shittin",
      "synonyms": [
        "shittin"
      ]
    },
    {
      "value": "shiz",
      "synonyms": [
        "shiz"
      ]
    },
    {
      "value": "shiznit",
      "synonyms": [
        "shiznit"
      ]
    },
    {
      "value": "shlemiel",
      "synonyms": [
        "shlemiel"
      ]
    },
    {
      "value": "shlep",
      "synonyms": [
        "shlep"
      ]
    },
    {
      "value": "shlepper",
      "synonyms": [
        "shlepper"
      ]
    },
    {
      "value": "shnook",
      "synonyms": [
        "shnook"
      ]
    },
    {
      "value": "simpleton",
      "synonyms": [
        "simpleton"
      ]
    },
    {
      "value": "slut",
      "synonyms": [
        "slut"
      ]
    },
    {
      "value": "slut bag",
      "synonyms": [
        "slut bag"
      ]
    },
    {
      "value": "slutbag",
      "synonyms": [
        "slutbag"
      ]
    },
    {
      "value": "slut-bag",
      "synonyms": [
        "slut-bag"
      ]
    },
    {
      "value": "slutie",
      "synonyms": [
        "slutie"
      ]
    },
    {
      "value": "sluts",
      "synonyms": [
        "sluts"
      ]
    },
    {
      "value": "sluttie",
      "synonyms": [
        "sluttie"
      ]
    },
    {
      "value": "slutty",
      "synonyms": [
        "slutty"
      ]
    },
    {
      "value": "sluty",
      "synonyms": [
        "sluty"
      ]
    },
    {
      "value": "spaz",
      "synonyms": [
        "spaz"
      ]
    },
    {
      "value": "sucker",
      "synonyms": [
        "sucker"
      ]
    },
    {
      "value": "suckin",
      "synonyms": [
        "suckin"
      ]
    },
    {
      "value": "turd",
      "synonyms": [
        "turd"
      ]
    },
    {
      "value": "turkey bark",
      "synonyms": [
        "turkey bark"
      ]
    },
    {
      "value": "wanker",
      "synonyms": [
        "wanker"
      ]
    },
    {
      "value": "whore",
      "synonyms": [
        "whore"
      ]
    },
    {
      "value": "whore bag",
      "synonyms": [
        "whore bag"
      ]
    },
    {
      "value": "whore face",
      "synonyms": [
        "whore face"
      ]
    },
    {
      "value": "whore",
      "synonyms": [
        "whore"
      ]
    },
    {
      "value": "whorebag",
      "synonyms": [
        "whorebag"
      ]
    },
    {
      "value": "whore-bag",
      "synonyms": [
        "whore-bag"
      ]
    },
    {
      "value": "whoreface",
      "synonyms": [
        "whoreface"
      ]
    },
    {
      "value": "whore-face",
      "synonyms": [
        "whore-face"
      ]
    },
    {
      "value": "zany",
      "synonyms": [
        "zany"
      ]
    },
    {
      "value": "dingleberry",
      "synonyms": [
        "dingleberry"
      ]
    },
    {
      "value": "dingle berry",
      "synonyms": [
        "dingle berry"
      ]
    },
    {
      "value": "doucher",
      "synonyms": [
        "doucher"
      ]
    },
    {
      "value": "douchers",
      "synonyms": [
        "douchers"
      ]
    },
    {
      "value": "duchebaggery",
      "synonyms": [
        "duchebaggery"
      ]
    },
    {
      "value": "duchebagger",
      "synonyms": [
        "duchebagger"
      ]
    },
    {
      "value": "douchebaggery",
      "synonyms": [
        "douchebaggery"
      ]
    },
    {
      "value": "douchebagger",
      "synonyms": [
        "douchebagger"
      ]
    },
    {
      "value": "plain suck",
      "synonyms": [
        "plain suck"
      ]
    },
    {
      "value": "screw you",
      "synonyms": [
        "screw you",
        "youy are screwed"
      ]
    }
  ],
  "isEnum": false,
  "automatedExpansion": false
}