{
  "id": "9c332753-772c-431b-a586-d28b1f7c5b6c",
  "name": "religious",
  "isOverridable": true,
  "entries": [
    {
      "value": "biblebasher",
      "synonyms": [
        "biblebasher",
        "bible-basher",
        "bible basher"
      ]
    },
    {
      "value": "biblethumper",
      "synonyms": [
        "biblethumper",
        "biblet-humper",
        "biblet humper"
      ]
    },
    {
      "value": "Burkhaboy",
      "synonyms": [
        "Burkhaboy",
        "Burkha-boy",
        "Burkha boy"
      ]
    },
    {
      "value": "Campbellite",
      "synonyms": [
        "Campbellite",
        "Campbel-lite",
        "Campbel lite"
      ]
    },
    {
      "value": "christkiller",
      "synonyms": [
        "christkiller",
        "christ-killer",
        "christ killer"
      ]
    },
    {
      "value": "Clamhead",
      "synonyms": [
        "Clamhead",
        "Clam-head",
        "Clam head"
      ]
    },
    {
      "value": "Fenian",
      "synonyms": [
        "Fenian"
      ]
    },
    {
      "value": "Flying hebrew",
      "synonyms": [
        "Flying hebrew"
      ]
    },
    {
      "value": "Fundie",
      "synonyms": [
        "Fundie"
      ]
    },
    {
      "value": "Fundy",
      "synonyms": [
        "Fundy"
      ]
    },
    {
      "value": "Happy Clapper",
      "synonyms": [
        "Happy Clapper"
      ]
    },
    {
      "value": "heathen",
      "synonyms": [
        "heathen"
      ]
    },
    {
      "value": "Holyroller",
      "synonyms": [
        "Holyroller"
      ]
    },
    {
      "value": "Holy-roller",
      "synonyms": [
        "Holy-roller"
      ]
    },
    {
      "value": "Holy roller",
      "synonyms": [
        "Holy roller"
      ]
    },
    {
      "value": "infidel",
      "synonyms": [
        "infidel"
      ]
    },
    {
      "value": "irvingite",
      "synonyms": [
        "irvingite"
      ]
    },
    {
      "value": "Jackmormon",
      "synonyms": [
        "Jackmormon",
        "Jack-mormon",
        "Jack mormon"
      ]
    },
    {
      "value": "JAP",
      "synonyms": [
        "JAP"
      ]
    },
    {
      "value": "Jesusfreak",
      "synonyms": [
        "Jesusfreak",
        "Jesus-freak",
        "Jesus freak"
      ]
    },
    {
      "value": "jewboy",
      "synonyms": [
        "jewboy",
        "jew-boy",
        "jew boy"
      ]
    },
    {
      "value": "Kike",
      "synonyms": [
        "Kike"
      ]
    },
    {
      "value": "Leftfooter",
      "synonyms": [
        "Leftfooter",
        "Left footer",
        "Left-footer"
      ]
    },
    {
      "value": "Mackerelsnapper",
      "synonyms": [
        "Mackerelsnapper",
        "Mackerel-snapper",
        "Mackerel snapper"
      ]
    },
    {
      "value": "Magic cookie",
      "synonyms": [
        "Magic cookie"
      ]
    },
    {
      "value": "Magic sky pixie",
      "synonyms": [
        "Magic sky pixie"
      ]
    },
    {
      "value": "magicwonderbook",
      "synonyms": [
        "magicwonderbook",
        "magic-wonder-book",
        "magic wonder book"
      ]
    },
    {
      "value": "marrano",
      "synonyms": [
        "marrano"
      ]
    },
    {
      "value": "Molly Mormon",
      "synonyms": [
        "Molly Mormon"
      ]
    },
    {
      "value": "Mussie",
      "synonyms": [
        "Mussie"
      ]
    },
    {
      "value": "Muzzie",
      "synonyms": [
        "Muzzie"
      ]
    },
    {
      "value": "Orangie",
      "synonyms": [
        "Orangie"
      ]
    },
    {
      "value": "papist",
      "synonyms": [
        "papist"
      ]
    },
    {
      "value": "Proddydog",
      "synonyms": [
        "Proddydog",
        "Proddy-dog",
        "Proddy dog"
      ]
    },
    {
      "value": "Ruseellite",
      "synonyms": [
        "Ruseellite"
      ]
    },
    {
      "value": "Souptaker",
      "synonyms": [
        "Souptaker",
        "Soup-taker"
      ]
    },
    {
      "value": "Taig",
      "synonyms": [
        "Taig"
      ]
    },
    {
      "value": "Towelhead",
      "synonyms": [
        "Towelhead",
        "Towel-head",
        "Towel head"
      ]
    }
  ],
  "isEnum": false,
  "automatedExpansion": false
}