{
  "id": "769549f3-231c-47fb-a800-9886734c8c3d",
  "name": "sex",
  "isOverridable": true,
  "entries": [
    {
      "value": "3 som",
      "synonyms": [
        "3 som",
        "3-som",
        "3som",
        "3-some"
      ]
    },
    {
      "value": "adult images",
      "synonyms": [
        "adult images",
        "adult pics",
        "adult picture"
      ]
    },
    {
      "value": "anal sex",
      "synonyms": [
        "anal sex",
        "anal-sex",
        "analsex"
      ]
    },
    {
      "value": "animal sex",
      "synonyms": [
        "animal sex",
        "animal sex",
        "animalsex"
      ]
    },
    {
      "value": "anus lick",
      "synonyms": [
        "anus lick",
        "anus-lick",
        "anuslick"
      ]
    },
    {
      "value": "arse lick",
      "synonyms": [
        "arse lick",
        "arse-lick",
        "arselick"
      ]
    },
    {
      "value": "arse wipe",
      "synonyms": [
        "arse wipe",
        "arse-wipe",
        "arsewipe"
      ]
    },
    {
      "value": "ass lick",
      "synonyms": [
        "ass lick",
        "ass-lick",
        "asslick"
      ]
    },
    {
      "value": "ass wipe",
      "synonyms": [
        "ass wipe",
        "ass-wipe",
        "asswipe"
      ]
    },
    {
      "value": "assault on a friendly weapon",
      "synonyms": [
        "assault on a friendly weapon"
      ]
    },
    {
      "value": "backstroke roulette",
      "synonyms": [
        "backstroke roulette"
      ]
    },
    {
      "value": "badger the witness",
      "synonyms": [
        "badger the witness"
      ]
    },
    {
      "value": "baiting your hook",
      "synonyms": [
        "baiting your hook"
      ]
    },
    {
      "value": "bash the bishop",
      "synonyms": [
        "bash the bishop"
      ]
    },
    {
      "value": "bash the candle",
      "synonyms": [
        "bash the candle"
      ]
    },
    {
      "value": "baste the turkey",
      "synonyms": [
        "baste the turkey"
      ]
    },
    {
      "value": "batting practice",
      "synonyms": [
        "batting practice"
      ]
    },
    {
      "value": "beat off",
      "synonyms": [
        "beat off"
      ]
    },
    {
      "value": "beat the bait",
      "synonyms": [
        "beat the bait"
      ]
    },
    {
      "value": "beat the bishop",
      "synonyms": [
        "beat the bishop"
      ]
    },
    {
      "value": "beat the dummy",
      "synonyms": [
        "beat the dummy"
      ]
    },
    {
      "value": "beat the snake",
      "synonyms": [
        "beat the snake"
      ]
    },
    {
      "value": "beat the stick",
      "synonyms": [
        "beat the stick"
      ]
    },
    {
      "value": "beat up shorty",
      "synonyms": [
        "beat up shorty"
      ]
    },
    {
      "value": "beating your meat",
      "synonyms": [
        "beating your meat"
      ]
    },
    {
      "value": "beef-strokin\u0027-off",
      "synonyms": [
        "beef-strokin\u0027-off"
      ]
    },
    {
      "value": "being your own best friend",
      "synonyms": [
        "being your own best friend"
      ]
    },
    {
      "value": "big booty",
      "synonyms": [
        "big booty"
      ]
    },
    {
      "value": "big cock",
      "synonyms": [
        "big cock"
      ]
    },
    {
      "value": "big-cock",
      "synonyms": [
        "big-cock"
      ]
    },
    {
      "value": "bigcock",
      "synonyms": [
        "bigcock"
      ]
    },
    {
      "value": "bleed the weed",
      "synonyms": [
        "bleed the weed"
      ]
    },
    {
      "value": "blow job",
      "synonyms": [
        "blow job"
      ]
    },
    {
      "value": "blow me",
      "synonyms": [
        "blow me"
      ]
    },
    {
      "value": "blow my",
      "synonyms": [
        "blow my"
      ]
    },
    {
      "value": "blow your load",
      "synonyms": [
        "blow your load"
      ]
    },
    {
      "value": "blow-job",
      "synonyms": [
        "blow-job"
      ]
    },
    {
      "value": "blow-me",
      "synonyms": [
        "blow-me"
      ]
    },
    {
      "value": "blow-my",
      "synonyms": [
        "blow-my"
      ]
    },
    {
      "value": "blowjob",
      "synonyms": [
        "blowjob"
      ]
    },
    {
      "value": "blowme",
      "synonyms": [
        "blowme"
      ]
    },
    {
      "value": "blowmy",
      "synonyms": [
        "blowmy"
      ]
    },
    {
      "value": "bludgeon the beefsteak",
      "synonyms": [
        "bludgeon the beefsteak"
      ]
    },
    {
      "value": "bone her",
      "synonyms": [
        "bone her"
      ]
    },
    {
      "value": "bone him",
      "synonyms": [
        "bone him"
      ]
    },
    {
      "value": "bone me",
      "synonyms": [
        "bone me"
      ]
    },
    {
      "value": "bone them",
      "synonyms": [
        "bone them"
      ]
    },
    {
      "value": "bone u",
      "synonyms": [
        "bone u"
      ]
    },
    {
      "value": "bone ya",
      "synonyms": [
        "bone ya"
      ]
    },
    {
      "value": "bone you",
      "synonyms": [
        "bone you"
      ]
    },
    {
      "value": "booty",
      "synonyms": [
        "booty"
      ]
    },
    {
      "value": "boppin\u0027 your bologna",
      "synonyms": [
        "boppin\u0027 your bologna"
      ]
    },
    {
      "value": "brother fuck",
      "synonyms": [
        "brother fuck"
      ]
    },
    {
      "value": "brother-fuck",
      "synonyms": [
        "brother-fuck"
      ]
    },
    {
      "value": "brotherfuck",
      "synonyms": [
        "brotherfuck"
      ]
    },
    {
      "value": "buckin it",
      "synonyms": [
        "buckin it"
      ]
    },
    {
      "value": "buffing the banana",
      "synonyms": [
        "buffing the banana"
      ]
    },
    {
      "value": "buffing the wood",
      "synonyms": [
        "buffing the wood"
      ]
    },
    {
      "value": "buggery",
      "synonyms": [
        "buggery"
      ]
    },
    {
      "value": "burp the worm",
      "synonyms": [
        "burp the worm"
      ]
    },
    {
      "value": "burping the worm",
      "synonyms": [
        "burping the worm"
      ]
    },
    {
      "value": "butt fuck",
      "synonyms": [
        "butt fuck"
      ]
    },
    {
      "value": "butt lick",
      "synonyms": [
        "butt lick"
      ]
    },
    {
      "value": "butt-fuck",
      "synonyms": [
        "butt-fuck"
      ]
    },
    {
      "value": "butt-lick",
      "synonyms": [
        "butt-lick"
      ]
    },
    {
      "value": "butter your corn",
      "synonyms": [
        "butter your corn"
      ]
    },
    {
      "value": "buttfuck",
      "synonyms": [
        "buttfuck"
      ]
    },
    {
      "value": "buttlick",
      "synonyms": [
        "buttlick"
      ]
    },
    {
      "value": "calling all cum",
      "synonyms": [
        "calling all cum"
      ]
    },
    {
      "value": "calling down for more mayo",
      "synonyms": [
        "calling down for more mayo"
      ]
    },
    {
      "value": "carrying weight",
      "synonyms": [
        "carrying weight"
      ]
    },
    {
      "value": "changing your oil",
      "synonyms": [
        "changing your oil"
      ]
    },
    {
      "value": "charm the cobra",
      "synonyms": [
        "charm the cobra"
      ]
    },
    {
      "value": "child porn",
      "synonyms": [
        "child porn"
      ]
    },
    {
      "value": "child rape",
      "synonyms": [
        "child rape"
      ]
    },
    {
      "value": "child-porn",
      "synonyms": [
        "child-porn"
      ]
    },
    {
      "value": "child-rape",
      "synonyms": [
        "child-rape"
      ]
    },
    {
      "value": "childporn",
      "synonyms": [
        "childporn"
      ]
    },
    {
      "value": "childrape",
      "synonyms": [
        "childrape"
      ]
    },
    {
      "value": "choaking charlie \u0027till he throws up",
      "synonyms": [
        "choaking charlie \u0027till he throws up"
      ]
    },
    {
      "value": "choke kojak",
      "synonyms": [
        "choke kojak"
      ]
    },
    {
      "value": "choke the chicken",
      "synonyms": [
        "choke the chicken"
      ]
    },
    {
      "value": "choke your chicken",
      "synonyms": [
        "choke your chicken"
      ]
    },
    {
      "value": "cialic",
      "synonyms": [
        "cialic"
      ]
    },
    {
      "value": "cialis",
      "synonyms": [
        "cialis"
      ]
    },
    {
      "value": "clean the pipes",
      "synonyms": [
        "clean the pipes"
      ]
    },
    {
      "value": "clean your rifle",
      "synonyms": [
        "clean your rifle"
      ]
    },
    {
      "value": "cleaning out your rope",
      "synonyms": [
        "cleaning out your rope"
      ]
    },
    {
      "value": "clear the snorkel",
      "synonyms": [
        "clear the snorkel"
      ]
    },
    {
      "value": "clit face",
      "synonyms": [
        "clit face"
      ]
    },
    {
      "value": "clit-face",
      "synonyms": [
        "clit-face"
      ]
    },
    {
      "value": "clitface",
      "synonyms": [
        "clitface"
      ]
    },
    {
      "value": "clubbing eddy",
      "synonyms": [
        "clubbing eddy"
      ]
    },
    {
      "value": "cock",
      "synonyms": [
        "cock"
      ]
    },
    {
      "value": "cock lick",
      "synonyms": [
        "cock lick"
      ]
    },
    {
      "value": "cock suck",
      "synonyms": [
        "cock suck"
      ]
    },
    {
      "value": "cock-lick",
      "synonyms": [
        "cock-lick"
      ]
    },
    {
      "value": "cock-suck",
      "synonyms": [
        "cock-suck"
      ]
    },
    {
      "value": "cocklick",
      "synonyms": [
        "cocklick"
      ]
    },
    {
      "value": "cocks",
      "synonyms": [
        "cocks"
      ]
    },
    {
      "value": "cocksuck",
      "synonyms": [
        "cocksuck"
      ]
    },
    {
      "value": "coition",
      "synonyms": [
        "coition"
      ]
    },
    {
      "value": "condom",
      "synonyms": [
        "condom"
      ]
    },
    {
      "value": "couch hockey for one",
      "synonyms": [
        "couch hockey for one"
      ]
    },
    {
      "value": "cracking the fat",
      "synonyms": [
        "cracking the fat"
      ]
    },
    {
      "value": "crank for cum",
      "synonyms": [
        "crank for cum"
      ]
    },
    {
      "value": "crank the shank",
      "synonyms": [
        "crank the shank"
      ]
    },
    {
      "value": "crank your cordiano",
      "synonyms": [
        "crank your cordiano"
      ]
    },
    {
      "value": "crown the king",
      "synonyms": [
        "crown the king"
      ]
    },
    {
      "value": "cuff the carrot",
      "synonyms": [
        "cuff the carrot"
      ]
    },
    {
      "value": "cuffing the puppy",
      "synonyms": [
        "cuffing the puppy"
      ]
    },
    {
      "value": "cum",
      "synonyms": [
        "cum"
      ]
    },
    {
      "value": "cum the scum",
      "synonyms": [
        "cum the scum"
      ]
    },
    {
      "value": "cumin",
      "synonyms": [
        "cumin"
      ]
    },
    {
      "value": "cuming",
      "synonyms": [
        "cuming"
      ]
    },
    {
      "value": "cunnilingus",
      "synonyms": [
        "cunnilingus"
      ]
    },
    {
      "value": "custer\u0027s last stand",
      "synonyms": [
        "custer\u0027s last stand"
      ]
    },
    {
      "value": "date miss michigan",
      "synonyms": [
        "date miss michigan"
      ]
    },
    {
      "value": "date mother palm and her five daughters",
      "synonyms": [
        "date mother palm and her five daughters"
      ]
    },
    {
      "value": "date pamela handerson",
      "synonyms": [
        "date pamela handerson"
      ]
    },
    {
      "value": "devil\u0027s handshake",
      "synonyms": [
        "devil\u0027s handshake"
      ]
    },
    {
      "value": "dik nut",
      "synonyms": [
        "dik nut"
      ]
    },
    {
      "value": "dik-nut",
      "synonyms": [
        "dik-nut"
      ]
    },
    {
      "value": "diknut",
      "synonyms": [
        "diknut"
      ]
    },
    {
      "value": "dildo",
      "synonyms": [
        "dildo"
      ]
    },
    {
      "value": "dildoes",
      "synonyms": [
        "dildoes"
      ]
    },
    {
      "value": "dildos",
      "synonyms": [
        "dildos"
      ]
    },
    {
      "value": "dip shit",
      "synonyms": [
        "dip shit"
      ]
    },
    {
      "value": "dip-shit",
      "synonyms": [
        "dip-shit"
      ]
    },
    {
      "value": "dipshit",
      "synonyms": [
        "dipshit"
      ]
    },
    {
      "value": "dishonorable discharge",
      "synonyms": [
        "dishonorable discharge"
      ]
    },
    {
      "value": "disseminating",
      "synonyms": [
        "disseminating"
      ]
    },
    {
      "value": "do the dew",
      "synonyms": [
        "do the dew"
      ]
    },
    {
      "value": "doddle whacking",
      "synonyms": [
        "doddle whacking"
      ]
    },
    {
      "value": "dog style",
      "synonyms": [
        "dog style"
      ]
    },
    {
      "value": "dog-style",
      "synonyms": [
        "dog-style"
      ]
    },
    {
      "value": "doggi style",
      "synonyms": [
        "doggi style"
      ]
    },
    {
      "value": "doggi-style",
      "synonyms": [
        "doggi-style"
      ]
    },
    {
      "value": "doggy style",
      "synonyms": [
        "doggy style"
      ]
    },
    {
      "value": "doggy-style",
      "synonyms": [
        "doggy-style"
      ]
    },
    {
      "value": "doggystyle",
      "synonyms": [
        "doggystyle"
      ]
    },
    {
      "value": "dogi style",
      "synonyms": [
        "dogi style"
      ]
    },
    {
      "value": "dogi-style",
      "synonyms": [
        "dogi-style"
      ]
    },
    {
      "value": "dogistyle",
      "synonyms": [
        "dogistyle"
      ]
    },
    {
      "value": "dogstyle",
      "synonyms": [
        "dogstyle"
      ]
    },
    {
      "value": "dogy-style",
      "synonyms": [
        "dogy-style"
      ]
    },
    {
      "value": "dogystyle",
      "synonyms": [
        "dogystyle"
      ]
    },
    {
      "value": "doodle your noodle",
      "synonyms": [
        "doodle your noodle"
      ]
    },
    {
      "value": "dp",
      "synonyms": [
        "dp"
      ]
    },
    {
      "value": "drain the dragon",
      "synonyms": [
        "drain the dragon"
      ]
    },
    {
      "value": "drain the monster",
      "synonyms": [
        "drain the monster"
      ]
    },
    {
      "value": "drain the vein",
      "synonyms": [
        "drain the vein"
      ]
    },
    {
      "value": "drill for oil",
      "synonyms": [
        "drill for oil"
      ]
    },
    {
      "value": "dropping a line",
      "synonyms": [
        "dropping a line"
      ]
    },
    {
      "value": "dropping stomach pancakes",
      "synonyms": [
        "dropping stomach pancakes"
      ]
    },
    {
      "value": "eat cock",
      "synonyms": [
        "eat cock"
      ]
    },
    {
      "value": "eat pussy",
      "synonyms": [
        "eat pussy"
      ]
    },
    {
      "value": "eat shit",
      "synonyms": [
        "eat shit"
      ]
    },
    {
      "value": "eat-cock",
      "synonyms": [
        "eat-cock"
      ]
    },
    {
      "value": "eat-pussy",
      "synonyms": [
        "eat-pussy"
      ]
    },
    {
      "value": "eat-shit",
      "synonyms": [
        "eat-shit"
      ]
    },
    {
      "value": "eatcock",
      "synonyms": [
        "eatcock"
      ]
    },
    {
      "value": "eatpussy",
      "synonyms": [
        "eatpussy"
      ]
    },
    {
      "value": "eatshit",
      "synonyms": [
        "eatshit"
      ]
    },
    {
      "value": "ejaculation",
      "synonyms": [
        "ejaculation"
      ]
    },
    {
      "value": "erotic",
      "synonyms": [
        "erotic"
      ]
    },
    {
      "value": "erotical",
      "synonyms": [
        "erotical"
      ]
    },
    {
      "value": "erotics",
      "synonyms": [
        "erotics"
      ]
    },
    {
      "value": "exorcise your demons",
      "synonyms": [
        "exorcise your demons"
      ]
    },
    {
      "value": "fap",
      "synonyms": [
        "fap"
      ]
    },
    {
      "value": "felch",
      "synonyms": [
        "felch"
      ]
    },
    {
      "value": "fiddle the ferret",
      "synonyms": [
        "fiddle the ferret"
      ]
    },
    {
      "value": "fight with tarzan",
      "synonyms": [
        "fight with tarzan"
      ]
    },
    {
      "value": "finger u",
      "synonyms": [
        "finger u"
      ]
    },
    {
      "value": "finger urself",
      "synonyms": [
        "finger urself"
      ]
    },
    {
      "value": "finger ya",
      "synonyms": [
        "finger ya"
      ]
    },
    {
      "value": "finger you",
      "synonyms": [
        "finger you"
      ]
    },
    {
      "value": "finger yourself",
      "synonyms": [
        "finger yourself"
      ]
    },
    {
      "value": "finger yrself",
      "synonyms": [
        "finger yrself"
      ]
    },
    {
      "value": "firm your worm",
      "synonyms": [
        "firm your worm"
      ]
    },
    {
      "value": "fist your mister",
      "synonyms": [
        "fist your mister"
      ]
    },
    {
      "value": "fistin",
      "synonyms": [
        "fistin"
      ]
    },
    {
      "value": "fisting",
      "synonyms": [
        "fisting"
      ]
    },
    {
      "value": "five against one",
      "synonyms": [
        "five against one"
      ]
    },
    {
      "value": "five finger knuckle shuffle",
      "synonyms": [
        "five finger knuckle shuffle"
      ]
    },
    {
      "value": "five knuckle olympics",
      "synonyms": [
        "five knuckle olympics"
      ]
    },
    {
      "value": "five knuckle shuffle",
      "synonyms": [
        "five knuckle shuffle"
      ]
    },
    {
      "value": "flamer",
      "synonyms": [
        "flamer"
      ]
    },
    {
      "value": "flog the dolphin",
      "synonyms": [
        "flog the dolphin"
      ]
    },
    {
      "value": "flogging your dong",
      "synonyms": [
        "flogging your dong"
      ]
    },
    {
      "value": "flogging your log",
      "synonyms": [
        "flogging your log"
      ]
    },
    {
      "value": "flute solo",
      "synonyms": [
        "flute solo"
      ]
    },
    {
      "value": "flying a kite",
      "synonyms": [
        "flying a kite"
      ]
    },
    {
      "value": "fondle the fig",
      "synonyms": [
        "fondle the fig"
      ]
    },
    {
      "value": "freeing the willies",
      "synonyms": [
        "freeing the willies"
      ]
    },
    {
      "value": "frigging the love muscle",
      "synonyms": [
        "frigging the love muscle"
      ]
    },
    {
      "value": "fudge packer",
      "synonyms": [
        "fudge packer"
      ]
    },
    {
      "value": "fudge-packer",
      "synonyms": [
        "fudge-packer"
      ]
    },
    {
      "value": "fudgepacker",
      "synonyms": [
        "fudgepacker"
      ]
    },
    {
      "value": "gallop the antelope",
      "synonyms": [
        "gallop the antelope"
      ]
    },
    {
      "value": "gallop the maggot",
      "synonyms": [
        "gallop the maggot"
      ]
    },
    {
      "value": "genitalia",
      "synonyms": [
        "genitalia"
      ]
    },
    {
      "value": "genitals",
      "synonyms": [
        "genitals"
      ]
    },
    {
      "value": "get laid",
      "synonyms": [
        "get laid"
      ]
    },
    {
      "value": "getting in touch with your manhood",
      "synonyms": [
        "getting in touch with your manhood"
      ]
    },
    {
      "value": "getting in touch with yourself",
      "synonyms": [
        "getting in touch with yourself"
      ]
    },
    {
      "value": "getting to know yourself personally in the biblical sense",
      "synonyms": [
        "getting to know yourself personally in the biblical sense"
      ]
    },
    {
      "value": "getting your caps peeled",
      "synonyms": [
        "getting your caps peeled"
      ]
    },
    {
      "value": "give a good head",
      "synonyms": [
        "give a good head"
      ]
    },
    {
      "value": "give a head",
      "synonyms": [
        "give a head"
      ]
    },
    {
      "value": "give good head",
      "synonyms": [
        "give good head"
      ]
    },
    {
      "value": "give head",
      "synonyms": [
        "give head"
      ]
    },
    {
      "value": "give her head",
      "synonyms": [
        "give her head"
      ]
    },
    {
      "value": "give him head",
      "synonyms": [
        "give him head"
      ]
    },
    {
      "value": "give me a head",
      "synonyms": [
        "give me a head"
      ]
    },
    {
      "value": "give me head",
      "synonyms": [
        "give me head"
      ]
    },
    {
      "value": "give me some head",
      "synonyms": [
        "give me some head"
      ]
    },
    {
      "value": "give them head",
      "synonyms": [
        "give them head"
      ]
    },
    {
      "value": "give u head",
      "synonyms": [
        "give u head"
      ]
    },
    {
      "value": "give ya head",
      "synonyms": [
        "give ya head"
      ]
    },
    {
      "value": "give you head",
      "synonyms": [
        "give you head"
      ]
    },
    {
      "value": "giving a good head",
      "synonyms": [
        "giving a good head"
      ]
    },
    {
      "value": "giving a head",
      "synonyms": [
        "giving a head"
      ]
    },
    {
      "value": "giving good head",
      "synonyms": [
        "giving good head"
      ]
    },
    {
      "value": "giving head",
      "synonyms": [
        "giving head"
      ]
    },
    {
      "value": "giving it a tug",
      "synonyms": [
        "giving it a tug"
      ]
    },
    {
      "value": "giving the john hancock",
      "synonyms": [
        "giving the john hancock"
      ]
    },
    {
      "value": "grease the pipe",
      "synonyms": [
        "grease the pipe"
      ]
    },
    {
      "value": "greasing your bone",
      "synonyms": [
        "greasing your bone"
      ]
    },
    {
      "value": "groom the wookie",
      "synonyms": [
        "groom the wookie"
      ]
    },
    {
      "value": "hack the hog",
      "synonyms": [
        "hack the hog"
      ]
    },
    {
      "value": "hair pie",
      "synonyms": [
        "hair pie"
      ]
    },
    {
      "value": "hair-pie",
      "synonyms": [
        "hair-pie"
      ]
    },
    {
      "value": "hairpie",
      "synonyms": [
        "hairpie"
      ]
    },
    {
      "value": "ham shank",
      "synonyms": [
        "ham shank"
      ]
    },
    {
      "value": "ham-shank",
      "synonyms": [
        "ham-shank"
      ]
    },
    {
      "value": "hamshank",
      "synonyms": [
        "hamshank"
      ]
    },
    {
      "value": "hand job",
      "synonyms": [
        "hand job"
      ]
    },
    {
      "value": "hand to gland combat",
      "synonyms": [
        "hand to gland combat"
      ]
    },
    {
      "value": "hand-job",
      "synonyms": [
        "hand-job"
      ]
    },
    {
      "value": "handjob",
      "synonyms": [
        "handjob"
      ]
    },
    {
      "value": "hands on training",
      "synonyms": [
        "hands on training"
      ]
    },
    {
      "value": "hav a roy",
      "synonyms": [
        "hav a roy"
      ]
    },
    {
      "value": "have one off the wrist",
      "synonyms": [
        "have one off the wrist"
      ]
    },
    {
      "value": "hit the ham",
      "synonyms": [
        "hit the ham"
      ]
    },
    {
      "value": "hitchhike under the big top",
      "synonyms": [
        "hitchhike under the big top"
      ]
    },
    {
      "value": "hitching to heaven",
      "synonyms": [
        "hitching to heaven"
      ]
    },
    {
      "value": "holding all the cards",
      "synonyms": [
        "holding all the cards"
      ]
    },
    {
      "value": "holding your sausage hostage",
      "synonyms": [
        "holding your sausage hostage"
      ]
    },
    {
      "value": "hone your bone",
      "synonyms": [
        "hone your bone"
      ]
    },
    {
      "value": "horny",
      "synonyms": [
        "horny"
      ]
    },
    {
      "value": "hos",
      "synonyms": [
        "hos"
      ]
    },
    {
      "value": "hot girls",
      "synonyms": [
        "hot girls"
      ]
    },
    {
      "value": "hot pics",
      "synonyms": [
        "hot pics"
      ]
    },
    {
      "value": "hump your fist",
      "synonyms": [
        "hump your fist"
      ]
    },
    {
      "value": "hump your hose",
      "synonyms": [
        "hump your hose"
      ]
    },
    {
      "value": "humpin\u0027 air",
      "synonyms": [
        "humpin\u0027 air"
      ]
    },
    {
      "value": "humping",
      "synonyms": [
        "humping"
      ]
    },
    {
      "value": "inside my ass",
      "synonyms": [
        "inside my ass"
      ]
    },
    {
      "value": "ironing some wrinkles",
      "synonyms": [
        "ironing some wrinkles"
      ]
    },
    {
      "value": "jack-hammer",
      "synonyms": [
        "jack-hammer"
      ]
    },
    {
      "value": "jack-off",
      "synonyms": [
        "jack-off"
      ]
    },
    {
      "value": "jackin the beanstalk",
      "synonyms": [
        "jackin the beanstalk"
      ]
    },
    {
      "value": "jackin\u0027 the beanstalk",
      "synonyms": [
        "jackin\u0027 the beanstalk"
      ]
    },
    {
      "value": "jackoff",
      "synonyms": [
        "jackoff"
      ]
    },
    {
      "value": "jag off",
      "synonyms": [
        "jag off"
      ]
    },
    {
      "value": "jag-off",
      "synonyms": [
        "jag-off"
      ]
    },
    {
      "value": "jazz yourself",
      "synonyms": [
        "jazz yourself"
      ]
    },
    {
      "value": "jelly roll",
      "synonyms": [
        "jelly roll"
      ]
    },
    {
      "value": "jelly-roll",
      "synonyms": [
        "jelly-roll"
      ]
    },
    {
      "value": "jellyroll",
      "synonyms": [
        "jellyroll"
      ]
    },
    {
      "value": "jerk off",
      "synonyms": [
        "jerk off"
      ]
    },
    {
      "value": "jerk the gherkin",
      "synonyms": [
        "jerk the gherkin"
      ]
    },
    {
      "value": "jerk the johnson",
      "synonyms": [
        "jerk the johnson"
      ]
    },
    {
      "value": "jerk-off",
      "synonyms": [
        "jerk-off"
      ]
    },
    {
      "value": "jerkin\u0027 the gherkin",
      "synonyms": [
        "jerkin\u0027 the gherkin"
      ]
    },
    {
      "value": "jerkoff",
      "synonyms": [
        "jerkoff"
      ]
    },
    {
      "value": "jiggle the jewelry",
      "synonyms": [
        "jiggle the jewelry"
      ]
    },
    {
      "value": "jimmying your joey",
      "synonyms": [
        "jimmying your joey"
      ]
    },
    {
      "value": "jiz",
      "synonyms": [
        "jiz"
      ]
    },
    {
      "value": "jizz",
      "synonyms": [
        "jizz"
      ]
    },
    {
      "value": "killing the beast",
      "synonyms": [
        "killing the beast"
      ]
    },
    {
      "value": "kinky",
      "synonyms": [
        "kinky"
      ]
    },
    {
      "value": "knobbed",
      "synonyms": [
        "knobbed"
      ]
    },
    {
      "value": "knock the top off",
      "synonyms": [
        "knock the top off"
      ]
    },
    {
      "value": "knuckle shuffle on your piss pump",
      "synonyms": [
        "knuckle shuffle on your piss pump"
      ]
    },
    {
      "value": "launching the hand shuttle",
      "synonyms": [
        "launching the hand shuttle"
      ]
    },
    {
      "value": "leakin\u0027 the main drain",
      "synonyms": [
        "leakin\u0027 the main drain"
      ]
    },
    {
      "value": "lick balls",
      "synonyms": [
        "lick balls"
      ]
    },
    {
      "value": "lick my",
      "synonyms": [
        "lick my"
      ]
    },
    {
      "value": "lick my balls",
      "synonyms": [
        "lick my balls"
      ]
    },
    {
      "value": "lick-my",
      "synonyms": [
        "lick-my"
      ]
    },
    {
      "value": "lickmy",
      "synonyms": [
        "lickmy"
      ]
    },
    {
      "value": "loping your mule",
      "synonyms": [
        "loping your mule"
      ]
    },
    {
      "value": "made love",
      "synonyms": [
        "made love"
      ]
    },
    {
      "value": "make love",
      "synonyms": [
        "make love"
      ]
    },
    {
      "value": "makes love",
      "synonyms": [
        "makes love"
      ]
    },
    {
      "value": "making love",
      "synonyms": [
        "making love"
      ]
    },
    {
      "value": "making the bald guy puke",
      "synonyms": [
        "making the bald guy puke"
      ]
    },
    {
      "value": "mangle the midget",
      "synonyms": [
        "mangle the midget"
      ]
    },
    {
      "value": "manipulate the mango",
      "synonyms": [
        "manipulate the mango"
      ]
    },
    {
      "value": "manual override",
      "synonyms": [
        "manual override"
      ]
    },
    {
      "value": "masonic secret self handshake",
      "synonyms": [
        "masonic secret self handshake"
      ]
    },
    {
      "value": "massage your muscle",
      "synonyms": [
        "massage your muscle"
      ]
    },
    {
      "value": "massage your purple-headed warrior",
      "synonyms": [
        "massage your purple-headed warrior"
      ]
    },
    {
      "value": "masterbate",
      "synonyms": [
        "masterbate"
      ]
    },
    {
      "value": "masterbated",
      "synonyms": [
        "masterbated"
      ]
    },
    {
      "value": "masterbates",
      "synonyms": [
        "masterbates"
      ]
    },
    {
      "value": "masterbatin",
      "synonyms": [
        "masterbatin"
      ]
    },
    {
      "value": "masterbating",
      "synonyms": [
        "masterbating"
      ]
    },
    {
      "value": "masterbation",
      "synonyms": [
        "masterbation"
      ]
    },
    {
      "value": "mastrubat",
      "synonyms": [
        "mastrubat"
      ]
    },
    {
      "value": "mastrubate",
      "synonyms": [
        "mastrubate"
      ]
    },
    {
      "value": "mastrubates",
      "synonyms": [
        "mastrubates"
      ]
    },
    {
      "value": "mastrubating",
      "synonyms": [
        "mastrubating"
      ]
    },
    {
      "value": "mastrubation",
      "synonyms": [
        "mastrubation"
      ]
    },
    {
      "value": "mastrubations",
      "synonyms": [
        "mastrubations"
      ]
    },
    {
      "value": "masturbat",
      "synonyms": [
        "masturbat"
      ]
    },
    {
      "value": "masturbate",
      "synonyms": [
        "masturbate"
      ]
    },
    {
      "value": "masturbates",
      "synonyms": [
        "masturbates"
      ]
    },
    {
      "value": "masturbating",
      "synonyms": [
        "masturbating"
      ]
    },
    {
      "value": "masturbation",
      "synonyms": [
        "masturbation"
      ]
    },
    {
      "value": "masturbations",
      "synonyms": [
        "masturbations"
      ]
    },
    {
      "value": "mcfagget",
      "synonyms": [
        "mcfagget"
      ]
    },
    {
      "value": "measuring for condoms",
      "synonyms": [
        "measuring for condoms"
      ]
    },
    {
      "value": "menage a trois",
      "synonyms": [
        "menage a trois"
      ]
    },
    {
      "value": "menstruation",
      "synonyms": [
        "menstruation"
      ]
    },
    {
      "value": "milk the one-uddered cow",
      "synonyms": [
        "milk the one-uddered cow"
      ]
    },
    {
      "value": "milking the bull",
      "synonyms": [
        "milking the bull"
      ]
    },
    {
      "value": "milking the lizard",
      "synonyms": [
        "milking the lizard"
      ]
    },
    {
      "value": "milking the monkey",
      "synonyms": [
        "milking the monkey"
      ]
    },
    {
      "value": "milky waying",
      "synonyms": [
        "milky waying"
      ]
    },
    {
      "value": "milky-waying",
      "synonyms": [
        "milky-waying"
      ]
    },
    {
      "value": "milkywaying",
      "synonyms": [
        "milkywaying"
      ]
    },
    {
      "value": "milt",
      "synonyms": [
        "milt"
      ]
    },
    {
      "value": "moulding hot plastic",
      "synonyms": [
        "moulding hot plastic"
      ]
    },
    {
      "value": "muff diver",
      "synonyms": [
        "muff diver"
      ]
    },
    {
      "value": "muff-diver",
      "synonyms": [
        "muff-diver"
      ]
    },
    {
      "value": "muffdiver",
      "synonyms": [
        "muffdiver"
      ]
    },
    {
      "value": "munging",
      "synonyms": [
        "munging"
      ]
    },
    {
      "value": "naked",
      "synonyms": [
        "naked"
      ]
    },
    {
      "value": "naked girl",
      "synonyms": [
        "naked girl"
      ]
    },
    {
      "value": "naked girls",
      "synonyms": [
        "naked girls"
      ]
    },
    {
      "value": "nance",
      "synonyms": [
        "nance"
      ]
    },
    {
      "value": "nerk your throbber",
      "synonyms": [
        "nerk your throbber"
      ]
    },
    {
      "value": "nude artists",
      "synonyms": [
        "nude artists"
      ]
    },
    {
      "value": "nude girl",
      "synonyms": [
        "nude girl"
      ]
    },
    {
      "value": "nude girls",
      "synonyms": [
        "nude girls"
      ]
    },
    {
      "value": "nude lesbians",
      "synonyms": [
        "nude lesbians"
      ]
    },
    {
      "value": "nude pics",
      "synonyms": [
        "nude pics"
      ]
    },
    {
      "value": "oil the glove",
      "synonyms": [
        "oil the glove"
      ]
    },
    {
      "value": "oiling the pogo stick",
      "synonyms": [
        "oiling the pogo stick"
      ]
    },
    {
      "value": "onan\u0027s olympics",
      "synonyms": [
        "onan\u0027s olympics"
      ]
    },
    {
      "value": "one handed clapping",
      "synonyms": [
        "one handed clapping"
      ]
    },
    {
      "value": "one man show",
      "synonyms": [
        "one man show"
      ]
    },
    {
      "value": "one man tug-o-war",
      "synonyms": [
        "one man tug-o-war"
      ]
    },
    {
      "value": "oral sex",
      "synonyms": [
        "oral sex"
      ]
    },
    {
      "value": "oral-sex",
      "synonyms": [
        "oral-sex"
      ]
    },
    {
      "value": "oralsex",
      "synonyms": [
        "oralsex"
      ]
    },
    {
      "value": "organa genitalia",
      "synonyms": [
        "organa genitalia"
      ]
    },
    {
      "value": "orgasm",
      "synonyms": [
        "orgasm"
      ]
    },
    {
      "value": "orgasmic",
      "synonyms": [
        "orgasmic"
      ]
    },
    {
      "value": "orgy",
      "synonyms": [
        "orgy"
      ]
    },
    {
      "value": "our gang spanky marathon",
      "synonyms": [
        "our gang spanky marathon"
      ]
    },
    {
      "value": "pack your palm",
      "synonyms": [
        "pack your palm"
      ]
    },
    {
      "value": "paddle the pickle",
      "synonyms": [
        "paddle the pickle"
      ]
    },
    {
      "value": "paederasty",
      "synonyms": [
        "paederasty"
      ]
    },
    {
      "value": "pain the walls",
      "synonyms": [
        "pain the walls"
      ]
    },
    {
      "value": "paint the pickle",
      "synonyms": [
        "paint the pickle"
      ]
    },
    {
      "value": "pam anderson polka",
      "synonyms": [
        "pam anderson polka"
      ]
    },
    {
      "value": "pat the robertson",
      "synonyms": [
        "pat the robertson"
      ]
    },
    {
      "value": "pederasty",
      "synonyms": [
        "pederasty"
      ]
    },
    {
      "value": "peel some chilis",
      "synonyms": [
        "peel some chilis"
      ]
    },
    {
      "value": "peel the banana",
      "synonyms": [
        "peel the banana"
      ]
    },
    {
      "value": "peel the carrot",
      "synonyms": [
        "peel the carrot"
      ]
    },
    {
      "value": "pervert",
      "synonyms": [
        "pervert"
      ]
    },
    {
      "value": "pervertic",
      "synonyms": [
        "pervertic"
      ]
    },
    {
      "value": "petting your dog",
      "synonyms": [
        "petting your dog"
      ]
    },
    {
      "value": "play pocket pool",
      "synonyms": [
        "play pocket pool"
      ]
    },
    {
      "value": "play some pocket billiards",
      "synonyms": [
        "play some pocket billiards"
      ]
    },
    {
      "value": "play the organ",
      "synonyms": [
        "play the organ"
      ]
    },
    {
      "value": "play the piss pipe",
      "synonyms": [
        "play the piss pipe"
      ]
    },
    {
      "value": "play the pisser",
      "synonyms": [
        "play the pisser"
      ]
    },
    {
      "value": "play the skin flute",
      "synonyms": [
        "play the skin flute"
      ]
    },
    {
      "value": "play the stand-up organ",
      "synonyms": [
        "play the stand-up organ"
      ]
    },
    {
      "value": "play with yourself",
      "synonyms": [
        "play with yourself"
      ]
    },
    {
      "value": "playin a flute solo",
      "synonyms": [
        "playin a flute solo"
      ]
    },
    {
      "value": "playin with susi palmer and her five friends",
      "synonyms": [
        "playin with susi palmer and her five friends"
      ]
    },
    {
      "value": "playin with the snake",
      "synonyms": [
        "playin with the snake"
      ]
    },
    {
      "value": "playin with your noodle",
      "synonyms": [
        "playin with your noodle"
      ]
    },
    {
      "value": "playin your instrument",
      "synonyms": [
        "playin your instrument"
      ]
    },
    {
      "value": "pocket pinball",
      "synonyms": [
        "pocket pinball"
      ]
    },
    {
      "value": "pocket pool",
      "synonyms": [
        "pocket pool"
      ]
    },
    {
      "value": "pocket-pinball",
      "synonyms": [
        "pocket-pinball"
      ]
    },
    {
      "value": "pocket-pool",
      "synonyms": [
        "pocket-pool"
      ]
    },
    {
      "value": "pocketpinball",
      "synonyms": [
        "pocketpinball"
      ]
    },
    {
      "value": "pocketpool",
      "synonyms": [
        "pocketpool"
      ]
    },
    {
      "value": "pole smoker",
      "synonyms": [
        "pole smoker"
      ]
    },
    {
      "value": "pole-smoker",
      "synonyms": [
        "pole-smoker"
      ]
    },
    {
      "value": "polesmoker",
      "synonyms": [
        "polesmoker"
      ]
    },
    {
      "value": "polish the chrome dome",
      "synonyms": [
        "polish the chrome dome"
      ]
    },
    {
      "value": "polish the pewter",
      "synonyms": [
        "polish the pewter"
      ]
    },
    {
      "value": "polish the rocket",
      "synonyms": [
        "polish the rocket"
      ]
    },
    {
      "value": "polish the sword",
      "synonyms": [
        "polish the sword"
      ]
    },
    {
      "value": "polish your bayonet",
      "synonyms": [
        "polish your bayonet"
      ]
    },
    {
      "value": "polish your helmet",
      "synonyms": [
        "polish your helmet"
      ]
    },
    {
      "value": "poon",
      "synonyms": [
        "poon"
      ]
    },
    {
      "value": "poontang",
      "synonyms": [
        "poontang"
      ]
    },
    {
      "value": "pootang",
      "synonyms": [
        "pootang"
      ]
    },
    {
      "value": "poove",
      "synonyms": [
        "poove"
      ]
    },
    {
      "value": "popping the porpoise",
      "synonyms": [
        "popping the porpoise"
      ]
    },
    {
      "value": "popping the purple pimple",
      "synonyms": [
        "popping the purple pimple"
      ]
    },
    {
      "value": "porn",
      "synonyms": [
        "porn"
      ]
    },
    {
      "value": "porn actress",
      "synonyms": [
        "porn actress"
      ]
    },
    {
      "value": "pornament",
      "synonyms": [
        "pornament"
      ]
    },
    {
      "value": "pornhub",
      "synonyms": [
        "pornhub"
      ]
    },
    {
      "value": "porno",
      "synonyms": [
        "porno"
      ]
    },
    {
      "value": "pornogr",
      "synonyms": [
        "pornogr"
      ]
    },
    {
      "value": "pornografic",
      "synonyms": [
        "pornografic"
      ]
    },
    {
      "value": "pornographic",
      "synonyms": [
        "pornographic"
      ]
    },
    {
      "value": "pornography",
      "synonyms": [
        "pornography"
      ]
    },
    {
      "value": "pornstar",
      "synonyms": [
        "pornstar"
      ]
    },
    {
      "value": "pound off",
      "synonyms": [
        "pound off"
      ]
    },
    {
      "value": "pound your flounder",
      "synonyms": [
        "pound your flounder"
      ]
    },
    {
      "value": "pound your piss pump",
      "synonyms": [
        "pound your piss pump"
      ]
    },
    {
      "value": "pound-off",
      "synonyms": [
        "pound-off"
      ]
    },
    {
      "value": "pounding your pud",
      "synonyms": [
        "pounding your pud"
      ]
    },
    {
      "value": "poundoff",
      "synonyms": [
        "poundoff"
      ]
    },
    {
      "value": "prostatic fluid",
      "synonyms": [
        "prostatic fluid"
      ]
    },
    {
      "value": "pud whacking",
      "synonyms": [
        "pud whacking"
      ]
    },
    {
      "value": "pud wrestling",
      "synonyms": [
        "pud wrestling"
      ]
    },
    {
      "value": "pud-whacking",
      "synonyms": [
        "pud-whacking"
      ]
    },
    {
      "value": "pud-wrestling",
      "synonyms": [
        "pud-wrestling"
      ]
    },
    {
      "value": "pudwhacking",
      "synonyms": [
        "pudwhacking"
      ]
    },
    {
      "value": "pudwrestling",
      "synonyms": [
        "pudwrestling"
      ]
    },
    {
      "value": "pull the pole",
      "synonyms": [
        "pull the pole"
      ]
    },
    {
      "value": "pull the pope",
      "synonyms": [
        "pull the pope"
      ]
    },
    {
      "value": "pull the root",
      "synonyms": [
        "pull the root"
      ]
    },
    {
      "value": "pull your pud",
      "synonyms": [
        "pull your pud"
      ]
    },
    {
      "value": "pull your taffy",
      "synonyms": [
        "pull your taffy"
      ]
    },
    {
      "value": "pulling the piss pump",
      "synonyms": [
        "pulling the piss pump"
      ]
    },
    {
      "value": "pulling the wire",
      "synonyms": [
        "pulling the wire"
      ]
    },
    {
      "value": "pulling your goalie",
      "synonyms": [
        "pulling your goalie"
      ]
    },
    {
      "value": "pulling your taffy",
      "synonyms": [
        "pulling your taffy"
      ]
    },
    {
      "value": "pump the python",
      "synonyms": [
        "pump the python"
      ]
    },
    {
      "value": "pumping for pleasure",
      "synonyms": [
        "pumping for pleasure"
      ]
    },
    {
      "value": "pumping for power",
      "synonyms": [
        "pumping for power"
      ]
    },
    {
      "value": "punchin\u0027 the clown",
      "synonyms": [
        "punchin\u0027 the clown"
      ]
    },
    {
      "value": "punchin\u0027 the munchkin",
      "synonyms": [
        "punchin\u0027 the munchkin"
      ]
    },
    {
      "value": "punishing percy",
      "synonyms": [
        "punishing percy"
      ]
    },
    {
      "value": "punishing the bishop",
      "synonyms": [
        "punishing the bishop"
      ]
    },
    {
      "value": "punta",
      "synonyms": [
        "punta"
      ]
    },
    {
      "value": "pussy lick",
      "synonyms": [
        "pussy lick"
      ]
    },
    {
      "value": "pussy licking",
      "synonyms": [
        "pussy licking"
      ]
    },
    {
      "value": "pussy-lick",
      "synonyms": [
        "pussy-lick"
      ]
    },
    {
      "value": "pussy-licking",
      "synonyms": [
        "pussy-licking"
      ]
    },
    {
      "value": "pussylick",
      "synonyms": [
        "pussylick"
      ]
    },
    {
      "value": "pussylicking",
      "synonyms": [
        "pussylicking"
      ]
    },
    {
      "value": "puto",
      "synonyms": [
        "puto"
      ]
    },
    {
      "value": "ram the ham",
      "synonyms": [
        "ram the ham"
      ]
    },
    {
      "value": "rattle the one-eyed snake",
      "synonyms": [
        "rattle the one-eyed snake"
      ]
    },
    {
      "value": "ride the great white knuckler",
      "synonyms": [
        "ride the great white knuckler"
      ]
    },
    {
      "value": "rim her",
      "synonyms": [
        "rim her"
      ]
    },
    {
      "value": "rim him",
      "synonyms": [
        "rim him"
      ]
    },
    {
      "value": "rim me",
      "synonyms": [
        "rim me"
      ]
    },
    {
      "value": "rim them",
      "synonyms": [
        "rim them"
      ]
    },
    {
      "value": "rim u",
      "synonyms": [
        "rim u"
      ]
    },
    {
      "value": "rim ya",
      "synonyms": [
        "rim ya"
      ]
    },
    {
      "value": "rim you",
      "synonyms": [
        "rim you"
      ]
    },
    {
      "value": "rim-job",
      "synonyms": [
        "rim-job"
      ]
    },
    {
      "value": "rimj ob",
      "synonyms": [
        "rimj ob"
      ]
    },
    {
      "value": "rimjob",
      "synonyms": [
        "rimjob"
      ]
    },
    {
      "value": "rimmin",
      "synonyms": [
        "rimmin"
      ]
    },
    {
      "value": "rimming",
      "synonyms": [
        "rimming"
      ]
    },
    {
      "value": "rolling the fleshy blunt",
      "synonyms": [
        "rolling the fleshy blunt"
      ]
    },
    {
      "value": "roman helmet rhumba",
      "synonyms": [
        "roman helmet rhumba"
      ]
    },
    {
      "value": "rope the pony",
      "synonyms": [
        "rope the pony"
      ]
    },
    {
      "value": "ropin\u0027 the long horn",
      "synonyms": [
        "ropin\u0027 the long horn"
      ]
    },
    {
      "value": "roughing up the suspect",
      "synonyms": [
        "roughing up the suspect"
      ]
    },
    {
      "value": "rounding up the tadpoles",
      "synonyms": [
        "rounding up the tadpoles"
      ]
    },
    {
      "value": "routin\u0027 for the yankees",
      "synonyms": [
        "routin\u0027 for the yankees"
      ]
    },
    {
      "value": "rub one out",
      "synonyms": [
        "rub one out"
      ]
    },
    {
      "value": "rub the unicorn\u0027s horn",
      "synonyms": [
        "rub the unicorn\u0027s horn"
      ]
    },
    {
      "value": "run a train",
      "synonyms": [
        "run a train"
      ]
    },
    {
      "value": "run-a-train",
      "synonyms": [
        "run-a-train"
      ]
    },
    {
      "value": "runka",
      "synonyms": [
        "runka"
      ]
    },
    {
      "value": "run_a_train",
      "synonyms": [
        "run_a_train"
      ]
    },
    {
      "value": "say hello to mr. happy",
      "synonyms": [
        "say hello to mr. happy"
      ]
    },
    {
      "value": "scat fetish",
      "synonyms": [
        "scat fetish"
      ]
    },
    {
      "value": "scraping your carrot",
      "synonyms": [
        "scraping your carrot"
      ]
    },
    {
      "value": "scratching the itch",
      "synonyms": [
        "scratching the itch"
      ]
    },
    {
      "value": "seasonin\u0027 your meat",
      "synonyms": [
        "seasonin\u0027 your meat"
      ]
    },
    {
      "value": "see mrs. palmer and five daughters",
      "synonyms": [
        "see mrs. palmer and five daughters"
      ]
    },
    {
      "value": "self love",
      "synonyms": [
        "self love"
      ]
    },
    {
      "value": "self-love",
      "synonyms": [
        "self-love"
      ]
    },
    {
      "value": "selflove",
      "synonyms": [
        "selflove"
      ]
    },
    {
      "value": "semen",
      "synonyms": [
        "semen"
      ]
    },
    {
      "value": "sending out the troops",
      "synonyms": [
        "sending out the troops"
      ]
    },
    {
      "value": "sex",
      "synonyms": [
        "sex"
      ]
    },
    {
      "value": "sex ass",
      "synonyms": [
        "sex ass"
      ]
    },
    {
      "value": "sex intercourse",
      "synonyms": [
        "sex intercourse"
      ]
    },
    {
      "value": "sex organ",
      "synonyms": [
        "sex organ"
      ]
    },
    {
      "value": "sex scene",
      "synonyms": [
        "sex scene"
      ]
    },
    {
      "value": "sexier",
      "synonyms": [
        "sexier"
      ]
    },
    {
      "value": "sexin",
      "synonyms": [
        "sexin"
      ]
    },
    {
      "value": "sexing",
      "synonyms": [
        "sexing"
      ]
    },
    {
      "value": "sexual",
      "synonyms": [
        "sexual"
      ]
    },
    {
      "value": "sexually",
      "synonyms": [
        "sexually"
      ]
    },
    {
      "value": "sexuals",
      "synonyms": [
        "sexuals"
      ]
    },
    {
      "value": "sexualy",
      "synonyms": [
        "sexualy"
      ]
    },
    {
      "value": "sexy images",
      "synonyms": [
        "sexy images"
      ]
    },
    {
      "value": "sexy picture",
      "synonyms": [
        "sexy picture"
      ]
    },
    {
      "value": "sexy pictures",
      "synonyms": [
        "sexy pictures"
      ]
    },
    {
      "value": "shag",
      "synonyms": [
        "shag"
      ]
    },
    {
      "value": "shaged",
      "synonyms": [
        "shaged"
      ]
    },
    {
      "value": "shagged",
      "synonyms": [
        "shagged"
      ]
    },
    {
      "value": "shaggin",
      "synonyms": [
        "shaggin"
      ]
    },
    {
      "value": "shagging",
      "synonyms": [
        "shagging"
      ]
    },
    {
      "value": "shake hands with the one eyed milk man",
      "synonyms": [
        "shake hands with the one eyed milk man"
      ]
    },
    {
      "value": "shake the snake",
      "synonyms": [
        "shake the snake"
      ]
    },
    {
      "value": "shaking hands with abe lincoln",
      "synonyms": [
        "shaking hands with abe lincoln"
      ]
    },
    {
      "value": "shaking hands with mr. goodwrench",
      "synonyms": [
        "shaking hands with mr. goodwrench"
      ]
    },
    {
      "value": "shaking hands with shorty",
      "synonyms": [
        "shaking hands with shorty"
      ]
    },
    {
      "value": "shaking hands with the governor",
      "synonyms": [
        "shaking hands with the governor"
      ]
    },
    {
      "value": "shaking hands with the unemployed",
      "synonyms": [
        "shaking hands with the unemployed"
      ]
    },
    {
      "value": "shifting gears",
      "synonyms": [
        "shifting gears"
      ]
    },
    {
      "value": "shine your pole",
      "synonyms": [
        "shine your pole"
      ]
    },
    {
      "value": "shining the helmet",
      "synonyms": [
        "shining the helmet"
      ]
    },
    {
      "value": "shiton",
      "synonyms": [
        "shiton"
      ]
    },
    {
      "value": "shooting enemies",
      "synonyms": [
        "shooting enemies"
      ]
    },
    {
      "value": "shooting putty at the moon",
      "synonyms": [
        "shooting putty at the moon"
      ]
    },
    {
      "value": "shooting sherman",
      "synonyms": [
        "shooting sherman"
      ]
    },
    {
      "value": "shucking bubba",
      "synonyms": [
        "shucking bubba"
      ]
    },
    {
      "value": "sialis",
      "synonyms": [
        "sialis"
      ]
    },
    {
      "value": "skank",
      "synonyms": [
        "skank"
      ]
    },
    {
      "value": "skeet",
      "synonyms": [
        "skeet"
      ]
    },
    {
      "value": "slam the hammer",
      "synonyms": [
        "slam the hammer"
      ]
    },
    {
      "value": "slammin\u0027 the salami",
      "synonyms": [
        "slammin\u0027 the salami"
      ]
    },
    {
      "value": "slap boxing the one eyed champ",
      "synonyms": [
        "slap boxing the one eyed champ"
      ]
    },
    {
      "value": "slap boxing the one-eyed champ",
      "synonyms": [
        "slap boxing the one-eyed champ"
      ]
    },
    {
      "value": "slap my happy sacks",
      "synonyms": [
        "slap my happy sacks"
      ]
    },
    {
      "value": "slap the salami",
      "synonyms": [
        "slap the salami"
      ]
    },
    {
      "value": "slappin\u0027 pappy",
      "synonyms": [
        "slappin\u0027 pappy"
      ]
    },
    {
      "value": "slapping the clown",
      "synonyms": [
        "slapping the clown"
      ]
    },
    {
      "value": "slapping the cyclops",
      "synonyms": [
        "slapping the cyclops"
      ]
    },
    {
      "value": "slapping your chub",
      "synonyms": [
        "slapping your chub"
      ]
    },
    {
      "value": "slinging jelly",
      "synonyms": [
        "slinging jelly"
      ]
    },
    {
      "value": "slobbin the milosevich",
      "synonyms": [
        "slobbin the milosevich"
      ]
    },
    {
      "value": "sloppy joe\u0027s last stand",
      "synonyms": [
        "sloppy joe\u0027s last stand"
      ]
    },
    {
      "value": "sloppy sign language",
      "synonyms": [
        "sloppy sign language"
      ]
    },
    {
      "value": "smacking your sister",
      "synonyms": [
        "smacking your sister"
      ]
    },
    {
      "value": "snap the monkey",
      "synonyms": [
        "snap the monkey"
      ]
    },
    {
      "value": "snap the whip",
      "synonyms": [
        "snap the whip"
      ]
    },
    {
      "value": "snapping your carrot",
      "synonyms": [
        "snapping your carrot"
      ]
    },
    {
      "value": "sodomy",
      "synonyms": [
        "sodomy"
      ]
    },
    {
      "value": "spank the frank",
      "synonyms": [
        "spank the frank"
      ]
    },
    {
      "value": "spank urself",
      "synonyms": [
        "spank urself"
      ]
    },
    {
      "value": "spank your monkey",
      "synonyms": [
        "spank your monkey"
      ]
    },
    {
      "value": "spank yourself",
      "synonyms": [
        "spank yourself"
      ]
    },
    {
      "value": "spank youself",
      "synonyms": [
        "spank youself"
      ]
    },
    {
      "value": "spank yrself",
      "synonyms": [
        "spank yrself"
      ]
    },
    {
      "value": "spanking urself",
      "synonyms": [
        "spanking urself"
      ]
    },
    {
      "value": "spanking yourself",
      "synonyms": [
        "spanking yourself"
      ]
    },
    {
      "value": "spanking youself",
      "synonyms": [
        "spanking youself"
      ]
    },
    {
      "value": "spanking yrself",
      "synonyms": [
        "spanking yrself"
      ]
    },
    {
      "value": "spear chucking",
      "synonyms": [
        "spear chucking"
      ]
    },
    {
      "value": "sperm",
      "synonyms": [
        "sperm"
      ]
    },
    {
      "value": "spermatic fluid",
      "synonyms": [
        "spermatic fluid"
      ]
    },
    {
      "value": "splurging",
      "synonyms": [
        "splurging"
      ]
    },
    {
      "value": "spreading the mayo",
      "synonyms": [
        "spreading the mayo"
      ]
    },
    {
      "value": "spunk the monk",
      "synonyms": [
        "spunk the monk"
      ]
    },
    {
      "value": "squeeze a few rounds off on the pump action shotgun",
      "synonyms": [
        "squeeze a few rounds off on the pump action shotgun"
      ]
    },
    {
      "value": "squeeze the charmin",
      "synonyms": [
        "squeeze the charmin"
      ]
    },
    {
      "value": "squeeze the cream from the flesh twinkie",
      "synonyms": [
        "squeeze the cream from the flesh twinkie"
      ]
    },
    {
      "value": "squeeze the lemon",
      "synonyms": [
        "squeeze the lemon"
      ]
    },
    {
      "value": "squeezing the burrito",
      "synonyms": [
        "squeezing the burrito"
      ]
    },
    {
      "value": "squeezing the tube of tooth paste",
      "synonyms": [
        "squeezing the tube of tooth paste"
      ]
    },
    {
      "value": "stall clapping",
      "synonyms": [
        "stall clapping"
      ]
    },
    {
      "value": "stall-clapping",
      "synonyms": [
        "stall-clapping"
      ]
    },
    {
      "value": "stallclapping",
      "synonyms": [
        "stallclapping"
      ]
    },
    {
      "value": "stir the soup",
      "synonyms": [
        "stir the soup"
      ]
    },
    {
      "value": "strap on",
      "synonyms": [
        "strap on"
      ]
    },
    {
      "value": "strap-on",
      "synonyms": [
        "strap-on"
      ]
    },
    {
      "value": "strapon",
      "synonyms": [
        "strapon"
      ]
    },
    {
      "value": "strip",
      "synonyms": [
        "strip"
      ]
    },
    {
      "value": "stroke off",
      "synonyms": [
        "stroke off"
      ]
    },
    {
      "value": "stroke the salami",
      "synonyms": [
        "stroke the salami"
      ]
    },
    {
      "value": "stroke the stallion",
      "synonyms": [
        "stroke the stallion"
      ]
    },
    {
      "value": "stroke your poker",
      "synonyms": [
        "stroke your poker"
      ]
    },
    {
      "value": "stroke-off",
      "synonyms": [
        "stroke-off"
      ]
    },
    {
      "value": "strokeoff",
      "synonyms": [
        "strokeoff"
      ]
    },
    {
      "value": "stroking it",
      "synonyms": [
        "stroking it"
      ]
    },
    {
      "value": "stroking your goat",
      "synonyms": [
        "stroking your goat"
      ]
    },
    {
      "value": "suck cock",
      "synonyms": [
        "suck cock"
      ]
    },
    {
      "value": "suck it",
      "synonyms": [
        "suck it"
      ]
    },
    {
      "value": "suck me",
      "synonyms": [
        "suck me"
      ]
    },
    {
      "value": "suck my",
      "synonyms": [
        "suck my"
      ]
    },
    {
      "value": "suck tits",
      "synonyms": [
        "suck tits"
      ]
    },
    {
      "value": "suck you",
      "synonyms": [
        "suck you"
      ]
    },
    {
      "value": "suck-cock",
      "synonyms": [
        "suck-cock"
      ]
    },
    {
      "value": "suck-tits",
      "synonyms": [
        "suck-tits"
      ]
    },
    {
      "value": "suckcock",
      "synonyms": [
        "suckcock"
      ]
    },
    {
      "value": "sucked me",
      "synonyms": [
        "sucked me"
      ]
    },
    {
      "value": "sucked you",
      "synonyms": [
        "sucked you"
      ]
    },
    {
      "value": "sucking me",
      "synonyms": [
        "sucking me"
      ]
    },
    {
      "value": "sucking you",
      "synonyms": [
        "sucking you"
      ]
    },
    {
      "value": "suckmy",
      "synonyms": [
        "suckmy"
      ]
    },
    {
      "value": "sucks me",
      "synonyms": [
        "sucks me"
      ]
    },
    {
      "value": "sucks you",
      "synonyms": [
        "sucks you"
      ]
    },
    {
      "value": "sucktits",
      "synonyms": [
        "sucktits"
      ]
    },
    {
      "value": "take matters in hand",
      "synonyms": [
        "take matters in hand"
      ]
    },
    {
      "value": "taking a shake break",
      "synonyms": [
        "taking a shake break"
      ]
    },
    {
      "value": "talk dirty",
      "synonyms": [
        "talk dirty"
      ]
    },
    {
      "value": "talked dirty",
      "synonyms": [
        "talked dirty"
      ]
    },
    {
      "value": "talking dirty",
      "synonyms": [
        "talking dirty"
      ]
    },
    {
      "value": "talks dirty",
      "synonyms": [
        "talks dirty"
      ]
    },
    {
      "value": "tame the wild hog",
      "synonyms": [
        "tame the wild hog"
      ]
    },
    {
      "value": "taming the shrew",
      "synonyms": [
        "taming the shrew"
      ]
    },
    {
      "value": "tap the turkey",
      "synonyms": [
        "tap the turkey"
      ]
    },
    {
      "value": "tease the python",
      "synonyms": [
        "tease the python"
      ]
    },
    {
      "value": "tease the weasel",
      "synonyms": [
        "tease the weasel"
      ]
    },
    {
      "value": "tease the weasle",
      "synonyms": [
        "tease the weasle"
      ]
    },
    {
      "value": "tenderize the meat",
      "synonyms": [
        "tenderize the meat"
      ]
    },
    {
      "value": "testicle",
      "synonyms": [
        "testicle"
      ]
    },
    {
      "value": "the erky jerk",
      "synonyms": [
        "the erky jerk"
      ]
    },
    {
      "value": "the sticky page rhumba",
      "synonyms": [
        "the sticky page rhumba"
      ]
    },
    {
      "value": "threading a needle",
      "synonyms": [
        "threading a needle"
      ]
    },
    {
      "value": "three som",
      "synonyms": [
        "three som"
      ]
    },
    {
      "value": "three-som",
      "synonyms": [
        "three-som"
      ]
    },
    {
      "value": "three-some",
      "synonyms": [
        "three-some"
      ]
    },
    {
      "value": "threesom",
      "synonyms": [
        "threesom"
      ]
    },
    {
      "value": "threesome",
      "synonyms": [
        "threesome"
      ]
    },
    {
      "value": "throw off a batch",
      "synonyms": [
        "throw off a batch"
      ]
    },
    {
      "value": "throwin down",
      "synonyms": [
        "throwin down"
      ]
    },
    {
      "value": "thump the pump",
      "synonyms": [
        "thump the pump"
      ]
    },
    {
      "value": "tickle the elmo",
      "synonyms": [
        "tickle the elmo"
      ]
    },
    {
      "value": "tickle the pickle",
      "synonyms": [
        "tickle the pickle"
      ]
    },
    {
      "value": "topless selfie",
      "synonyms": [
        "topless selfie"
      ]
    },
    {
      "value": "toss the boss",
      "synonyms": [
        "toss the boss"
      ]
    },
    {
      "value": "toss the turkey",
      "synonyms": [
        "toss the turkey"
      ]
    },
    {
      "value": "tug of war with cyclops",
      "synonyms": [
        "tug of war with cyclops"
      ]
    },
    {
      "value": "tug your toobsnake",
      "synonyms": [
        "tug your toobsnake"
      ]
    },
    {
      "value": "tug your toobsteak",
      "synonyms": [
        "tug your toobsteak"
      ]
    },
    {
      "value": "tuning the antenna",
      "synonyms": [
        "tuning the antenna"
      ]
    },
    {
      "value": "tussle with your muscle",
      "synonyms": [
        "tussle with your muscle"
      ]
    },
    {
      "value": "twang your magic twanger",
      "synonyms": [
        "twang your magic twanger"
      ]
    },
    {
      "value": "unwapping the pepperoni",
      "synonyms": [
        "unwapping the pepperoni"
      ]
    },
    {
      "value": "ur butt",
      "synonyms": [
        "ur butt"
      ]
    },
    {
      "value": "vagina",
      "synonyms": [
        "vagina"
      ]
    },
    {
      "value": "vaginas",
      "synonyms": [
        "vaginas"
      ]
    },
    {
      "value": "varnishing the cane",
      "synonyms": [
        "varnishing the cane"
      ]
    },
    {
      "value": "varnishing the fencepost",
      "synonyms": [
        "varnishing the fencepost"
      ]
    },
    {
      "value": "visit the petting zoo",
      "synonyms": [
        "visit the petting zoo"
      ]
    },
    {
      "value": "walking willie the one eyed wonder worm",
      "synonyms": [
        "walking willie the one eyed wonder worm"
      ]
    },
    {
      "value": "wank",
      "synonyms": [
        "wank"
      ]
    },
    {
      "value": "wanked",
      "synonyms": [
        "wanked"
      ]
    },
    {
      "value": "wanker",
      "synonyms": [
        "wanker"
      ]
    },
    {
      "value": "wankie",
      "synonyms": [
        "wankie"
      ]
    },
    {
      "value": "wanks",
      "synonyms": [
        "wanks"
      ]
    },
    {
      "value": "wanky",
      "synonyms": [
        "wanky"
      ]
    },
    {
      "value": "wanna suck",
      "synonyms": [
        "wanna suck"
      ]
    },
    {
      "value": "want to suck",
      "synonyms": [
        "want to suck"
      ]
    },
    {
      "value": "wax the winnebago",
      "synonyms": [
        "wax the winnebago"
      ]
    },
    {
      "value": "wax your jackson",
      "synonyms": [
        "wax your jackson"
      ]
    },
    {
      "value": "wax your weasel",
      "synonyms": [
        "wax your weasel"
      ]
    },
    {
      "value": "wax your willy",
      "synonyms": [
        "wax your willy"
      ]
    },
    {
      "value": "waxing the dolphin",
      "synonyms": [
        "waxing the dolphin"
      ]
    },
    {
      "value": "Weiner Cousin",
      "synonyms": [
        "Weiner Cousin"
      ]
    },
    {
      "value": "whack off",
      "synonyms": [
        "whack off"
      ]
    },
    {
      "value": "whack your tack",
      "synonyms": [
        "whack your tack"
      ]
    },
    {
      "value": "whip the dummy",
      "synonyms": [
        "whip the dummy"
      ]
    },
    {
      "value": "whip your dripper",
      "synonyms": [
        "whip your dripper"
      ]
    },
    {
      "value": "whipping the pony",
      "synonyms": [
        "whipping the pony"
      ]
    },
    {
      "value": "whipping the window washer",
      "synonyms": [
        "whipping the window washer"
      ]
    },
    {
      "value": "white water wristing",
      "synonyms": [
        "white water wristing"
      ]
    },
    {
      "value": "whizzin jizzim",
      "synonyms": [
        "whizzin jizzim"
      ]
    },
    {
      "value": "wiggling your worm",
      "synonyms": [
        "wiggling your worm"
      ]
    },
    {
      "value": "winding the jack in the box",
      "synonyms": [
        "winding the jack in the box"
      ]
    },
    {
      "value": "windsurf on mt. baldy",
      "synonyms": [
        "windsurf on mt. baldy"
      ]
    },
    {
      "value": "wonk your conker",
      "synonyms": [
        "wonk your conker"
      ]
    },
    {
      "value": "working a cramp out of your muscle",
      "synonyms": [
        "working a cramp out of your muscle"
      ]
    },
    {
      "value": "working your willy",
      "synonyms": [
        "working your willy"
      ]
    },
    {
      "value": "wrestling the eel",
      "synonyms": [
        "wrestling the eel"
      ]
    },
    {
      "value": "wring out your rope",
      "synonyms": [
        "wring out your rope"
      ]
    },
    {
      "value": "wring your thing",
      "synonyms": [
        "wring your thing"
      ]
    },
    {
      "value": "x video",
      "synonyms": [
        "x video"
      ]
    },
    {
      "value": "x videos",
      "synonyms": [
        "x videos"
      ]
    },
    {
      "value": "xxx",
      "synonyms": [
        "xxx"
      ]
    },
    {
      "value": "yaht zee",
      "synonyms": [
        "yaht zee"
      ]
    },
    {
      "value": "yahtzee",
      "synonyms": [
        "yahtzee"
      ]
    },
    {
      "value": "yank my doodle",
      "synonyms": [
        "yank my doodle"
      ]
    },
    {
      "value": "yank off",
      "synonyms": [
        "yank off"
      ]
    },
    {
      "value": "yank the yodle",
      "synonyms": [
        "yank the yodle"
      ]
    },
    {
      "value": "yank your crank",
      "synonyms": [
        "yank your crank"
      ]
    },
    {
      "value": "yank-off",
      "synonyms": [
        "yank-off"
      ]
    },
    {
      "value": "yankoff",
      "synonyms": [
        "yankoff"
      ]
    },
    {
      "value": "your butt",
      "synonyms": [
        "your butt"
      ]
    }
  ],
  "isEnum": false,
  "automatedExpansion": false
}