{
  "id": "77cd0390-3880-4199-8a0f-97148ffe0bf6",
  "name": "toilet",
  "isOverridable": true,
  "entries": [
    {
      "value": "pee",
      "synonyms": [
        "pee"
      ]
    },
    {
      "value": "peeing",
      "synonyms": [
        "peeing"
      ]
    },
    {
      "value": "pees",
      "synonyms": [
        "pees"
      ]
    },
    {
      "value": "poop",
      "synonyms": [
        "poop"
      ]
    },
    {
      "value": "pooped",
      "synonyms": [
        "pooped"
      ]
    },
    {
      "value": "pooping",
      "synonyms": [
        "pooping"
      ]
    },
    {
      "value": "poopin",
      "synonyms": [
        "poopin"
      ]
    },
    {
      "value": "poo",
      "synonyms": [
        "poo"
      ]
    },
    {
      "value": "fart",
      "synonyms": [
        "fart"
      ]
    },
    {
      "value": "farts",
      "synonyms": [
        "farts"
      ]
    },
    {
      "value": "farted",
      "synonyms": [
        "farted"
      ]
    },
    {
      "value": "farting",
      "synonyms": [
        "farting"
      ]
    },
    {
      "value": "fartin",
      "synonyms": [
        "fartin"
      ]
    }
  ],
  "isEnum": false,
  "automatedExpansion": false
}